SKU,Name,Categories
4210-CVU,4210-CVU, Испытательное оборудование 
5907,5907, Испытательное оборудование 
85501,85501, Испытательное оборудование 
85509,85509, Испытательное оборудование 
 098100 14 , 098100 14 , Испытательное оборудование 
 098323 81 , 098323 81 , Испытательное оборудование 
R412502000,R412502000, Испытательное оборудование 
R412503000,R412503000, Испытательное оборудование 
R412504000,R412504000, Испытательное оборудование 
R412504124,R412504124, Испытательное оборудование 
R412505000,R412505000, Испытательное оборудование 
R412505124,R412505124, Испытательное оборудование 
R412506000,R412506000, Испытательное оборудование 
R412507000,R412507000, Испытательное оборудование 
R412507124,R412507124, Испытательное оборудование 
R412508000,R412508000, Испытательное оборудование 
R412508124,R412508124, Испытательное оборудование 
R412509000,R412509000, Испытательное оборудование 
R412509124,R412509124, Испытательное оборудование 
R412510000,R412510000, Испытательное оборудование 
R412512000,R412512000, Испытательное оборудование 
R412513000,R412513000, Испытательное оборудование 
R412514124,R412514124, Испытательное оборудование 
R412515000,R412515000, Испытательное оборудование 
R412515124,R412515124, Испытательное оборудование 
R412518124,R412518124, Испытательное оборудование 
R412519124,R412519124, Испытательное оборудование 
R412520000,R412520000, Испытательное оборудование 
R412530000,R412530000, Испытательное оборудование 
R412700000,R412700000, Испытательное оборудование 
R412700124,R412700124, Испытательное оборудование 
R412702000,R412702000, Испытательное оборудование 
R412702124,R412702124, Испытательное оборудование 
R412703000,R412703000, Испытательное оборудование 
R412704124,R412704124, Испытательное оборудование 
R412707124,R412707124, Испытательное оборудование 
R412708124,R412708124, Испытательное оборудование 
R412709000,R412709000, Испытательное оборудование 
R412710000,R412710000, Испытательное оборудование 
R412711124,R412711124, Испытательное оборудование 
R412712124,R412712124, Испытательное оборудование 
R412713124,R412713124, Испытательное оборудование 
R412714124,R412714124, Испытательное оборудование 
R412715000,R412715000, Испытательное оборудование 
R412717124,R412717124, Испытательное оборудование 
R412718124,R412718124, Испытательное оборудование 
R412719124,R412719124, Испытательное оборудование 
R412730000,R412730000, Испытательное оборудование 
R412740000,R412740000, Испытательное оборудование 
R412806000,R412806000, Испытательное оборудование 
R413302000,R413302000, Испытательное оборудование 
R413304000,R413304000, Испытательное оборудование 
R413305000,R413305000, Испытательное оборудование 
R413306000,R413306000, Испытательное оборудование 
R413320000,R413320000, Испытательное оборудование 
2652A,2652A, Испытательное оборудование 
R413800000,R413800000, Испытательное оборудование 
R413800115,R413800115, Испытательное оборудование 
R413800121,R413800121, Испытательное оборудование 
2658A,2658A, Испытательное оборудование 
R413801000,R413801000, Испытательное оборудование 
AK57X,AK57X, Испытательное оборудование 
AK-720,AK-720, Испытательное оборудование 
R413801115,R413801115, Испытательное оборудование 
R413802000,R413802000, Испытательное оборудование 
 AK 73X , AK 73X , Испытательное оборудование 
R413802115,R413802115, Испытательное оборудование 
R413803115,R413803115, Испытательное оборудование 
R413804000,R413804000, Испытательное оборудование 
R413805000,R413805000, Испытательное оборудование 
R413805115,R413805115, Испытательное оборудование 
R413805121,R413805121, Испытательное оборудование 
R413806115,R413806115, Испытательное оборудование 
433201,433201, Испытательное оборудование 
R413806121,R413806121, Испытательное оборудование 
R413807115,R413807115, Испытательное оборудование 
433202,433202, Испытательное оборудование 
R413807121,R413807121, Испытательное оборудование 
R413808000,R413808000, Испытательное оборудование 
R413808115,R413808115, Испытательное оборудование 
R413809115,R413809115, Испытательное оборудование 
R413809121,R413809121, Испытательное оборудование 
DC400,DC400, Испытательное оборудование 
DL160,DL160, Испытательное оборудование 
DM110,DM110, Испытательное оборудование 
R413810115,R413810115, Испытательное оборудование 
R413811000,R413811000, Испытательное оборудование 
R413811121,R413811121, Испытательное оборудование 
R413812115,R413812115, Испытательное оборудование 
R413812121,R413812121, Испытательное оборудование 
R413813121,R413813121, Испытательное оборудование 
R413814121,R413814121, Испытательное оборудование 
R413815115,R413815115, Испытательное оборудование 
EX710,EX710, Испытательное оборудование 
R413816000,R413816000, Испытательное оборудование 
R413816115,R413816115, Испытательное оборудование 
R413816121,R413816121, Испытательное оборудование 
R413817000,R413817000, Испытательное оборудование 
R413817115,R413817115, Испытательное оборудование 
R413817121,R413817121, Испытательное оборудование 
R413818121,R413818121, Испытательное оборудование 
R413819115,R413819115, Испытательное оборудование 
EX720,EX720, Испытательное оборудование 
R413819121,R413819121, Испытательное оборудование 
2556,2556, Испытательное оборудование 
R413820115,R413820115, Испытательное оборудование 
R413820121,R413820121, Испытательное оборудование 
R413825121,R413825121, Испытательное оборудование 
2558,2558, Испытательное оборудование 
TM25,TM25, Испытательное оборудование 
R413830115,R413830115, Испытательное оборудование 
R413835000,R413835000, Испытательное оборудование 
R413840000,R413840000, Испытательное оборудование 
923719,923719, Испытательное оборудование 
923743-08,923743-08, Испытательное оборудование 
927738-28,927738-28, Испытательное оборудование 
923650-08,923650-08, Испытательное оборудование 
923650-14,923650-14, Испытательное оборудование 
923655-08,923655-08, Испытательное оборудование 
923655-16,923655-16, Испытательное оборудование 
923660-18,923660-18, Испытательное оборудование 
923660-20,923660-20, Испытательное оборудование 
923665-16,923665-16, Испытательное оборудование 
923665-18,923665-18, Испытательное оборудование 
923665-20,923665-20, Испытательное оборудование 
923665-24,923665-24, Испытательное оборудование 
923670-20,923670-20, Испытательное оборудование 
923670-28,923670-28, Испытательное оборудование 
923670-52,923670-52, Испытательное оборудование 
923675-84,923675-84, Испытательное оборудование 
923680-28,923680-28, Испытательное оборудование 
923680-44,923680-44, Испытательное оборудование 
923680-52,923680-52, Испытательное оборудование 
923690-08,923690-08, Испытательное оборудование 
923690-16,923690-16, Испытательное оборудование 
923690-20,923690-20, Испытательное оборудование 
923690-24,923690-24, Испытательное оборудование 
923690-28,923690-28, Испытательное оборудование 
923690-40,923690-40, Испытательное оборудование 
923690-48,923690-48, Испытательное оборудование 
923690-64,923690-64, Испытательное оборудование 
923739-08,923739-08, Испытательное оборудование 
923739-16,923739-16, Испытательное оборудование 
923739-24,923739-24, Испытательное оборудование 
923739-28,923739-28, Испытательное оборудование 
923830-RD-C,923830-RD-C, Испытательное оборудование 
923830-YL-C,923830-YL-C, Испытательное оборудование 
923835-GN-C,923835-GN-C, Испытательное оборудование 
923835-RD-C,923835-RD-C, Испытательное оборудование 
EP-CBPC250V3PEU,EP-CBPC250V3PEU, Испытательное оборудование 
AXS-2016-04-04,AXS-2016-04-04, Испытательное оборудование 
AXS-2520-04-05,AXS-2520-04-05, Испытательное оборудование 
AXS-3215-02-01,AXS-3215-02-01, Испытательное оборудование 
AXS-3215-02-05,AXS-3215-02-05, Испытательное оборудование 
AXS-3225-04-02,AXS-3225-04-02, Испытательное оборудование 
AXS-3225-04-12,AXS-3225-04-12, Испытательное оборудование 
AXS-3838-06-01,AXS-3838-06-01, Испытательное оборудование 
AXS-3838-08-01,AXS-3838-08-01, Испытательное оборудование 
AXS-4918-02-11,AXS-4918-02-11, Испытательное оборудование 
AXS-5032-02-06,AXS-5032-02-06, Испытательное оборудование 
AXS-5032-04-12,AXS-5032-04-12, Испытательное оборудование 
121039_B,121039_B, Испытательное оборудование 
121044_B,121044_B, Испытательное оборудование 
121044_R,121044_R, Испытательное оборудование 
121046_B,121046_B, Испытательное оборудование 
121046_R,121046_R, Испытательное оборудование 
121047,121047, Испытательное оборудование 
121048_B,121048_B, Испытательное оборудование 
121051_B,121051_B, Испытательное оборудование 
121051_R,121051_R, Испытательное оборудование 
121280_R,121280_R, Испытательное оборудование 
121337,121337, Испытательное оборудование 
123639,123639, Испытательное оборудование 
123680_OFOR_1.2_B,123680_OFOR_1.2_B, Испытательное оборудование 
123680_OFOR_1.2_G,123680_OFOR_1.2_G, Испытательное оборудование 
123680_ORSK_1.2_R,123680_ORSK_1.2_R, Испытательное оборудование 
123680_SKSK_1.2_B,123680_SKSK_1.2_B, Испытательное оборудование 
123680_SKSK_1.2_R,123680_SKSK_1.2_R, Испытательное оборудование 
124000_B,124000_B, Испытательное оборудование 
124000_W,124000_W, Испытательное оборудование 
124045_B,124045_B, Испытательное оборудование 
125037_Bl,125037_Bl, Испытательное оборудование 
125037_G,125037_G, Испытательное оборудование 
125046_B,125046_B, Испытательное оборудование 
125048_Bl,125048_Bl, Испытательное оборудование 
125048_W,125048_W, Испытательное оборудование 
125048_Y,125048_Y, Испытательное оборудование 
125050_Bl,125050_Bl, Испытательное оборудование 
125050_R,125050_R, Испытательное оборудование 
125050_W,125050_W, Испытательное оборудование 
125050_Y,125050_Y, Испытательное оборудование 
125060_R,125060_R, Испытательное оборудование 
125072_B,125072_B, Испытательное оборудование 
125099_R,125099_R, Испытательное оборудование 
126000_Bl,126000_Bl, Испытательное оборудование 
126009_G,126009_G, Испытательное оборудование 
126009_W,126009_W, Испытательное оборудование 
126017_Bl,126017_Bl, Испытательное оборудование 
126017_G,126017_G, Испытательное оборудование 
126017_R,126017_R, Испытательное оборудование 
126017_W,126017_W, Испытательное оборудование 
126024_Bl,126024_Bl, Испытательное оборудование 
126024_G,126024_G, Испытательное оборудование 
126024_W,126024_W, Испытательное оборудование 
126060_B,126060_B, Испытательное оборудование 
129272,129272, Испытательное оборудование 
129300,129300, Испытательное оборудование 
129303_OF,129303_OF, Испытательное оборудование 
129303_OR,129303_OR, Испытательное оборудование 
129305_OF,129305_OF, Испытательное оборудование 
129305_SK,129305_SK, Испытательное оборудование 
129393,129393, Испытательное оборудование 
129401,129401, Испытательное оборудование 
129528,129528, Испытательное оборудование 
131479,131479, Испытательное оборудование 
134002,134002, Испытательное оборудование 
134206,134206, Испытательное оборудование 
134273,134273, Испытательное оборудование 
134309,134309, Испытательное оборудование 
134316,134316, Испытательное оборудование 
134321,134321, Испытательное оборудование 
134328_B,134328_B, Испытательное оборудование 
134328_R,134328_R, Испытательное оборудование 
134390_6M_R,134390_6M_R, Испытательное оборудование 
135007,135007, Испытательное оборудование 
135012,135012, Испытательное оборудование 
400010R,400010R, Испытательное оборудование 
400012B,400012B, Испытательное оборудование 
400015_B,400015_B, Испытательное оборудование 
400016_B,400016_B, Испытательное оборудование 
400017_B,400017_B, Испытательное оборудование 
400017_R,400017_R, Испытательное оборудование 
400018_B,400018_B, Испытательное оборудование 
400018_R,400018_R, Испытательное оборудование 
400019_R,400019_R, Испытательное оборудование 
400020_R,400020_R, Испытательное оборудование 
400021_B,400021_B, Испытательное оборудование 
400021_R,400021_R, Испытательное оборудование 
400022_B,400022_B, Испытательное оборудование 
400023_B,400023_B, Испытательное оборудование 
400024_B,400024_B, Испытательное оборудование 
400024_R,400024_R, Испытательное оборудование 
400025_B,400025_B, Испытательное оборудование 
501774,501774, Испытательное оборудование 
501774_B,501774_B, Испытательное оборудование 
501774_R,501774_R, Испытательное оборудование 
501784X,501784X, Испытательное оборудование 
501790_B,501790_B, Испытательное оборудование 
501790_R,501790_R, Испытательное оборудование 
501790C,501790C, Испытательное оборудование 
501791,501791, Испытательное оборудование 
501792,501792, Испытательное оборудование 
501795,501795, Испытательное оборудование 
501958,501958, Испытательное оборудование 
501994C,501994C, Испытательное оборудование 
501996,501996, Испытательное оборудование 
501997C,501997C, Испытательное оборудование 
501999,501999, Испытательное оборудование 
502000C_B,502000C_B, Испытательное оборудование 
502000C_R,502000C_R, Испытательное оборудование 
502002,502002, Испытательное оборудование 
502003_B,502003_B, Испытательное оборудование 
502004_R,502004_R, Испытательное оборудование 
502005,502005, Испытательное оборудование 
502007,502007, Испытательное оборудование 
502008,502008, Испытательное оборудование 
502009_B,502009_B, Испытательное оборудование 
502009_R,502009_R, Испытательное оборудование 
502012_B,502012_B, Испытательное оборудование 
502012_R,502012_R, Испытательное оборудование 
881100,881100, Испытательное оборудование 
 TLR 50M_B , TLR 50M_B , Испытательное оборудование 
 TLR 50M_R , TLR 50M_R , Испытательное оборудование 
ACL-7120A_6,ACL-7120A_6, Испытательное оборудование 
ACL-7122,ACL-7122, Испытательное оборудование 
DAQ-2010,DAQ-2010, Испытательное оборудование 
DAQ-2213,DAQ-2213, Испытательное оборудование 
DAQ-2502,DAQ-2502, Испытательное оборудование 
DAQe-2005,DAQe-2005, Испытательное оборудование 
DAQe-2006,DAQe-2006, Испытательное оборудование 
LPCI-7250,LPCI-7250, Испытательное оборудование 
LPCIe-7250,LPCIe-7250, Испытательное оборудование 
ND-6080,ND-6080, Испытательное оборудование 
PCI-6216V-GL,PCI-6216V-GL, Испытательное оборудование 
PCI-7200,PCI-7200, Испытательное оборудование 
PCI-7230,PCI-7230, Испытательное оборудование 
PCI-7250,PCI-7250, Испытательное оборудование 
PCI-7251,PCI-7251, Испытательное оборудование 
2566-MSO,2566-MSO, Испытательное оборудование 
PCI-7256,PCI-7256, Испытательное оборудование 
PCI-7442,PCI-7442, Испытательное оборудование 
PCI-7443,PCI-7443, Испытательное оборудование 
PCI-7444,PCI-7444, Испытательное оборудование 
PCI-9112,PCI-9112, Испытательное оборудование 
PCIe-7296,PCIe-7296, Испытательное оборудование 
PCIe-7300A,PCIe-7300A, Испытательное оборудование 
PCM-7230+,PCM-7230+, Испытательное оборудование 
PXI-2005,PXI-2005, Испытательное оборудование 
PXI-2206,PXI-2206, Испытательное оборудование 
PXI-3920,PXI-3920, Испытательное оборудование 
PXI-7931,PXI-7931, Испытательное оборудование 
PXI-9527,PXI-9527, Испытательное оборудование 
PXI-9820D_512,PXI-9820D_512, Испытательное оборудование 
PXIe-HDV62A,PXIe-HDV62A, Испытательное оборудование 
USB-1901,USB-1901, Испытательное оборудование 
USB-1902,USB-1902, Испытательное оборудование 
USB-1903,USB-1903, Испытательное оборудование 
USB-2401,USB-2401, Испытательное оборудование 
USB-2405,USB-2405, Испытательное оборудование 
USB-3488A,USB-3488A, Испытательное оборудование 
USB-7230,USB-7230, Испытательное оборудование 
BT-GP-AC-10P30-MB,BT-GP-AC-10P30-MB, Испытательное оборудование 
BT-GP-AC-1N30-MB,BT-GP-AC-1N30-MB, Испытательное оборудование 
BT-GP-AC-1P30-MB,BT-GP-AC-1P30-MB, Испытательное оборудование 
BT-GP-AC-20N30-MB,BT-GP-AC-20N30-MB, Испытательное оборудование 
BT-GP-AC-20P30-MB,BT-GP-AC-20P30-MB, Испытательное оборудование 
BT-GP-AC-2P30-MB,BT-GP-AC-2P30-MB, Испытательное оборудование 
BT-GP-AC-30N30,BT-GP-AC-30N30, Испытательное оборудование 
BT-GP-AC-30P30,BT-GP-AC-30P30, Испытательное оборудование 
BT-GP-AC-4N30-MB,BT-GP-AC-4N30-MB, Испытательное оборудование 
BT-GP-AC-4P30-MB,BT-GP-AC-4P30-MB, Испытательное оборудование 
BT-GP-AC-6N30,BT-GP-AC-6N30, Испытательное оборудование 
BT-GP-AC-6N30-MB,BT-GP-AC-6N30-MB, Испытательное оборудование 
BT-GP-AC-6P30,BT-GP-AC-6P30, Испытательное оборудование 
BT-GP-AC-6P30-MB,BT-GP-AC-6P30-MB, Испытательное оборудование 
ADAM-4022T-AE,ADAM-4022T-AE, Испытательное оборудование 
PCI-1710HGU-DE,PCI-1710HGU-DE, Испытательное оборудование 
PCI-1710U-DE,PCI-1710U-DE, Испытательное оборудование 
PCI-1710UL-DE,PCI-1710UL-DE, Испытательное оборудование 
PCI-1711U-CE,PCI-1711U-CE, Испытательное оборудование 
PCI-1712L-AE,PCI-1712L-AE, Испытательное оборудование 
PCI-1714UL-BE,PCI-1714UL-BE, Испытательное оборудование 
PCI-1715U-AE,PCI-1715U-AE, Испытательное оборудование 
PCI-1716L-AE,PCI-1716L-AE, Испытательное оборудование 
PCI-1718HDU-AE,PCI-1718HDU-AE, Испытательное оборудование 
PCI-1720U-BE,PCI-1720U-BE, Испытательное оборудование 
PCI-1721-AE,PCI-1721-AE, Испытательное оборудование 
PCI-1723-AE,PCI-1723-AE, Испытательное оборудование 
PCI-1724U-AE,PCI-1724U-AE, Испытательное оборудование 
PCI-1742U-AE,PCI-1742U-AE, Испытательное оборудование 
PCI-1747U-AE,PCI-1747U-AE, Испытательное оборудование 
PCI-1751-AE,PCI-1751-AE, Испытательное оборудование 
PCI-1757UP-AE,PCI-1757UP-AE, Испытательное оборудование 
PCI-1758UDI-AE,PCI-1758UDI-AE, Испытательное оборудование 
PCI-1758UDIO-AE,PCI-1758UDIO-AE, Испытательное оборудование 
PCI-1758UDO-AE,PCI-1758UDO-AE, Испытательное оборудование 
PCI-1780U-AE,PCI-1780U-AE, Испытательное оборудование 
PCIE-1810-AE,PCIE-1810-AE, Испытательное оборудование 
PCL-711S-BE,PCL-711S-BE, Испытательное оборудование 
PCL-724-AE,PCL-724-AE, Испытательное оборудование 
PCL-725-AE,PCL-725-AE, Испытательное оборудование 
PCL-726-BE,PCL-726-BE, Испытательное оборудование 
PCL-727-BE,PCL-727-BE, Испытательное оборудование 
PCL-728-BE,PCL-728-BE, Испытательное оборудование 
PCL-730-CE,PCL-730-CE, Испытательное оборудование 
PCL-733-BE,PCL-733-BE, Испытательное оборудование 
PCL-734-BE,PCL-734-BE, Испытательное оборудование 
PCL-818HD-CE,PCL-818HD-CE, Испытательное оборудование 
PCL-818HG-CE,PCL-818HG-CE, Испытательное оборудование 
PCLD-785-AE,PCLD-785-AE, Испытательное оборудование 
PCLD-8710-AE,PCLD-8710-AE, Испытательное оборудование 
PCLD-8712-AE,PCLD-8712-AE, Испытательное оборудование 
PCLD-8751-AE,PCLD-8751-AE, Испытательное оборудование 
PCLD-8761-AE,PCLD-8761-AE, Испытательное оборудование 
PCLD-881B-AE,PCLD-881B-AE, Испытательное оборудование 
PCLD-885-AE,PCLD-885-AE, Испытательное оборудование 
PCM-3718HO-BE,PCM-3718HO-BE, Испытательное оборудование 
USB-4704-AE,USB-4704-AE, Испытательное оборудование 
USB-4711A-AE,USB-4711A-AE, Испытательное оборудование 
USB-4716-AE,USB-4716-AE, Испытательное оборудование 
USB-4718-AE,USB-4718-AE, Испытательное оборудование 
USB-4751-AE,USB-4751-AE, Испытательное оборудование 
USB-4751L-AE,USB-4751L-AE, Испытательное оборудование 
27-9300-10,27-9300-10, Испытательное оборудование 
27-9300-3,27-9300-3, Испытательное оборудование 
46-400,46-400, Испытательное оборудование 
 507F BK078 , 507F BK078 , Испытательное оборудование 
 531B BK076 , 531B BK076 , Испытательное оборудование 
 540 BK078 , 540 BK078 , Испытательное оборудование 
 601B WH076 , 601B WH076 , Испытательное оборудование 
615,615, Испытательное оборудование 
 650 BK038 , 650 BK038 , Испытательное оборудование 
 775 BK078 , 775 BK078 , Испытательное оборудование 
 780B SL076 , 780B SL076 , Испытательное оборудование 
 781 BK078 , 781 BK078 , Испытательное оборудование 
787,787, Испытательное оборудование 
 821 SL078 , 821 SL078 , Испытательное оборудование 
 832 SL078 , 832 SL078 , Испытательное оборудование 
930113100,930113100, Испытательное оборудование 
931467100,931467100, Испытательное оборудование 
972307100,972307100, Испытательное оборудование 
972307101,972307101, Испытательное оборудование 
972308100,972308100, Испытательное оборудование 
972308101,972308101, Испытательное оборудование 
973053101,973053101, Испытательное оборудование 
973582100,973582100, Испытательное оборудование 
974101188,974101188, Испытательное оборудование 
974201104,974201104, Испытательное оборудование 
974201106,974201106, Испытательное оборудование 
974201107,974201107, Испытательное оборудование 
ATS-1M1F-01DB2W,ATS-1M1F-01DB2W, Испытательное оборудование 
262,262, Испытательное оборудование 
ATS-1M1F-02DB2W,ATS-1M1F-02DB2W, Испытательное оборудование 
ATS-1M1F-03DB2W,ATS-1M1F-03DB2W, Испытательное оборудование 
ATS-1M1F-04DB2W,ATS-1M1F-04DB2W, Испытательное оборудование 
ATS-1M1F-06DB2W,ATS-1M1F-06DB2W, Испытательное оборудование 
ATS-1M1F-07DB2W,ATS-1M1F-07DB2W, Испытательное оборудование 
ATS-1M1F-08DB2W,ATS-1M1F-08DB2W, Испытательное оборудование 
ATS-1M1F-09DB2W,ATS-1M1F-09DB2W, Испытательное оборудование 
ATS-1M1F-10DB2W,ATS-1M1F-10DB2W, Испытательное оборудование 
ATS-2M2F-03DB5W,ATS-2M2F-03DB5W, Испытательное оборудование 
ATS-2M2F-06DB5W,ATS-2M2F-06DB5W, Испытательное оборудование 
ATS-2M2F-15DB5W,ATS-2M2F-15DB5W, Испытательное оборудование 
ATS-2M2F-20DB5W,ATS-2M2F-20DB5W, Испытательное оборудование 
ATS-2M2F-30DB2W,ATS-2M2F-30DB2W, Испытательное оборудование 
M3933_14-02S,M3933_14-02S, Испытательное оборудование 
M3933_14-04S,M3933_14-04S, Испытательное оборудование 
M3933_14-05N,M3933_14-05N, Испытательное оборудование 
M3933_14-06N,M3933_14-06N, Испытательное оборудование 
M3933_14-07N,M3933_14-07N, Испытательное оборудование 
M3933_14-09N,M3933_14-09N, Испытательное оборудование 
M3933_14-10S,M3933_14-10S, Испытательное оборудование 
M3933_14-19N,M3933_14-19N, Испытательное оборудование 
M3933_14-21N,M3933_14-21N, Испытательное оборудование 
SF0915-6200-00,SF0915-6200-00, Испытательное оборудование 
SF0915-6200-02,SF0915-6200-02, Испытательное оборудование 
SF0915-6200-06,SF0915-6200-06, Испытательное оборудование 
SF0915-6200-10,SF0915-6200-10, Испытательное оборудование 
SF0915-6200-11,SF0915-6200-11, Испытательное оборудование 
SF0915-6200-12,SF0915-6200-12, Испытательное оборудование 
SF0915-6200-23,SF0915-6200-23, Испытательное оборудование 
SF0915-6200-33,SF0915-6200-33, Испытательное оборудование 
SF0915-6200-37,SF0915-6200-37, Испытательное оборудование 
SF0915-6200-43,SF0915-6200-43, Испытательное оборудование 
SF0915-6200-47,SF0915-6200-47, Испытательное оборудование 
SF0915-6200-49,SF0915-6200-49, Испытательное оборудование 
SF0915-6200-50,SF0915-6200-50, Испытательное оборудование 
SF0915-6200-51,SF0915-6200-51, Испытательное оборудование 
SF0915-6200-53,SF0915-6200-53, Испытательное оборудование 
SF0915-6200-54,SF0915-6200-54, Испытательное оборудование 
SF0915-6200-57,SF0915-6200-57, Испытательное оборудование 
SF0915-6200-58,SF0915-6200-58, Испытательное оборудование 
SF0915-6200-59,SF0915-6200-59, Испытательное оборудование 
SF0915-6200-63,SF0915-6200-63, Испытательное оборудование 
SF0915-6200-66,SF0915-6200-66, Испытательное оборудование 
SF0915-6200-68,SF0915-6200-68, Испытательное оборудование 
SF0915-6200-69,SF0915-6200-69, Испытательное оборудование 
SF0915-6200-71,SF0915-6200-71, Испытательное оборудование 
SF0915-6200-72,SF0915-6200-72, Испытательное оборудование 
SF0915-6200-74,SF0915-6200-74, Испытательное оборудование 
SF0915-6200-79,SF0915-6200-79, Испытательное оборудование 
SF0929-6200-0,SF0929-6200-0, Испытательное оборудование 
SF0929-6200-02,SF0929-6200-02, Испытательное оборудование 
SF0929-6200-04,SF0929-6200-04, Испытательное оборудование 
SF0929-6200-05,SF0929-6200-05, Испытательное оборудование 
SF0929-6200-08,SF0929-6200-08, Испытательное оборудование 
SF0929-6200-115,SF0929-6200-115, Испытательное оборудование 
SF0929-6200-135,SF0929-6200-135, Испытательное оборудование 
SF0929-6200-14,SF0929-6200-14, Испытательное оборудование 
SF0929-6200-145,SF0929-6200-145, Испытательное оборудование 
SF0929-6200-15,SF0929-6200-15, Испытательное оборудование 
SF0929-6200-185,SF0929-6200-185, Испытательное оборудование 
SF0929-6200-19,SF0929-6200-19, Испытательное оборудование 
SF0929-6200-195,SF0929-6200-195, Испытательное оборудование 
SF0929-6200-2,SF0929-6200-2, Испытательное оборудование 
SF0929-6200-25,SF0929-6200-25, Испытательное оборудование 
SF0929-6200-26,SF0929-6200-26, Испытательное оборудование 
SF0929-6200-28,SF0929-6200-28, Испытательное оборудование 
SF0929-6200-3X,SF0929-6200-3X, Испытательное оборудование 
SF0929-6200-40,SF0929-6200-40, Испытательное оборудование 
SF0929-6200-5.5,SF0929-6200-5.5, Испытательное оборудование 
SF0929-6200-6,SF0929-6200-6, Испытательное оборудование 
SF0929-6200-6.5,SF0929-6200-6.5, Испытательное оборудование 
SF0929-6200-7,SF0929-6200-7, Испытательное оборудование 
SF0929-6200-9,SF0929-6200-9, Испытательное оборудование 
SF0929-6200-9.5,SF0929-6200-9.5, Испытательное оборудование 
SF0930-6200-01,SF0930-6200-01, Испытательное оборудование 
2650A,2650A, Испытательное оборудование 
SF0930-6200-02,SF0930-6200-02, Испытательное оборудование 
SF0930-6200-03,SF0930-6200-03, Испытательное оборудование 
SF0930-6200-04,SF0930-6200-04, Испытательное оборудование 
SF0930-6200-06,SF0930-6200-06, Испытательное оборудование 
SF0930-6200-07,SF0930-6200-07, Испытательное оборудование 
SF0930-6200-10,SF0930-6200-10, Испытательное оборудование 
SF0930-6200-18,SF0930-6200-18, Испытательное оборудование 
SF0930-6200-20,SF0930-6200-20, Испытательное оборудование 
15XP-B,15XP-B, Испытательное оборудование 
30XR-A,30XR-A, Испытательное оборудование 
34XR-A,34XR-A, Испытательное оборудование 
 34XR-A-NIST CAL CERT W_O DATA , 34XR-A-NIST CAL CERT W_O DATA , Испытательное оборудование 
3503207,3503207, Испытательное оборудование 
3729977,3729977, Испытательное оборудование 
3730106,3730106, Испытательное оборудование 
3730114,3730114, Испытательное оборудование 
3730123,3730123, Испытательное оборудование 
3730150,3730150, Испытательное оборудование 
3730161,3730161, Испытательное оборудование 
3730239,3730239, Испытательное оборудование 
37XR-A,37XR-A, Испытательное оборудование 
38XR-A,38XR-A, Испытательное оборудование 
4129187,4129187, Испытательное оборудование 
4160800,4160800, Испытательное оборудование 
4160821,4160821, Испытательное оборудование 
4210340,4210340, Испытательное оборудование 
4222120,4222120, Испытательное оборудование 
5XP-A,5XP-A, Испытательное оборудование 
A2202,A2202, Испытательное оборудование 
ACD-14-PRO,ACD-14-PRO, Испытательное оборудование 
ACD-20SW,ACD-20SW, Испытательное оборудование 
ACD-22SW,ACD-22SW, Испытательное оборудование 
 ACD-3300 IND , ACD-3300 IND , Испытательное оборудование 
ACD-41PQ,ACD-41PQ, Испытательное оборудование 
ACDC-100,ACDC-100, Испытательное оборудование 
 ACDC-3400 INDUSTRIAL , ACDC-3400 INDUSTRIAL , Испытательное оборудование 
ACF-3000SR,ACF-3000SR, Испытательное оборудование 
AM-160-A,AM-160-A, Испытательное оборудование 
AM-270,AM-270, Испытательное оборудование 
AM-510,AM-510, Испытательное оборудование 
AM-520,AM-520, Испытательное оборудование 
AM-530,AM-530, Испытательное оборудование 
AMB-2,AMB-2, Испытательное оборудование 
AMB-25,AMB-25, Испытательное оборудование 
AMB-45,AMB-45, Испытательное оборудование 
AMC-4,AMC-4, Испытательное оборудование 
AMP-210,AMP-210, Испытательное оборудование 
AMP-220,AMP-220, Испытательное оборудование 
AMP-25,AMP-25, Испытательное оборудование 
AMP-320,AMP-320, Испытательное оборудование 
AMP-330,AMP-330, Испытательное оборудование 
AT-1000,AT-1000, Испытательное оборудование 
AT-2005-A,AT-2005-A, Испытательное оборудование 
AT-4004CON,AT-4004CON, Испытательное оборудование 
AT-6030,AT-6030, Испытательное оборудование 
AT-7020,AT-7020, Испытательное оборудование 
AT-7030,AT-7030, Испытательное оборудование 
B2025,B2025, Испытательное оборудование 
BAT-250,BAT-250, Испытательное оборудование 
BAT-500,BAT-500, Испытательное оборудование 
BT-250,BT-250, Испытательное оборудование 
CR50A,CR50A, Испытательное оборудование 
CT238A,CT238A, Испытательное оборудование 
CT-326B,CT-326B, Испытательное оборудование 
DM-5,DM-5, Испытательное оборудование 
DM78C,DM78C, Испытательное оборудование 
DM7C,DM7C, Испытательное оборудование 
DM-CT-100,DM-CT-100, Испытательное оборудование 
FP410,FP410, Испытательное оборудование 
HD110C,HD110C, Испытательное оборудование 
H-PMA,H-PMA, Испытательное оборудование 
IR-750,IR-750, Испытательное оборудование 
IRC-110,IRC-110, Испытательное оборудование 
ISO-PRO,ISO-PRO, Испытательное оборудование 
LAN-1,LAN-1, Испытательное оборудование 
MAN02-A,MAN02-A, Испытательное оборудование 
MAN30,MAN30, Испытательное оборудование 
MLS55-3,MLS55-3, Испытательное оборудование 
MTL-45,MTL-45, Испытательное оборудование 
NCV-1040,NCV-1040, Испытательное оборудование 
P-100,P-100, Испытательное оборудование 
PC-326,PC-326, Испытательное оборудование 
PM51A,PM51A, Испытательное оборудование 
PRM-4,PRM-4, Испытательное оборудование 
PT26,PT26, Испытательное оборудование 
PY-1A,PY-1A, Испытательное оборудование 
R2000,R2000, Испытательное оборудование 
T2200,T2200, Испытательное оборудование 
T-300,T-300, Испытательное оборудование 
TACH20,TACH20, Испытательное оборудование 
TH-3,TH-3, Испытательное оборудование 
THWD-5,THWD-5, Испытательное оборудование 
TL36A,TL36A, Испытательное оборудование 
R413840115,R413840115, Испытательное оборудование 
TL73C,TL73C, Испытательное оборудование 
TMA10A,TMA10A, Испытательное оборудование 
TMA5,TMA5, Испытательное оборудование 
TPK-59,TPK-59, Испытательное оборудование 
TR300,TR300, Испытательное оборудование 
TX900,TX900, Испытательное оборудование 
VC11,VC11, Испытательное оборудование 
VC3A,VC3A, Испытательное оборудование 
WT-40,WT-40, Испытательное оборудование 
HMC-T2240,HMC-T2240, Испытательное оборудование 
AP9887,AP9887, Испытательное оборудование 
DCMOPTCS1,DCMOPTCS1, Испытательное оборудование 
WTT5,WTT5, Испытательное оборудование 
LP-300,LP-300, Испытательное оборудование 
1211E,1211E, Испытательное оборудование 
1253-KIT,1253-KIT, Испытательное оборудование 
1520-NIST,1520-NIST, Испытательное оборудование 
1623A,1623A, Испытательное оборудование 
1652,1652, Испытательное оборудование 
1655A,1655A, Испытательное оборудование 
1667-NIST,1667-NIST, Испытательное оборудование 
1685B,1685B, Испытательное оборудование 
1686A,1686A, Испытательное оборудование 
1698,1698, Испытательное оборудование 
1735A,1735A, Испытательное оборудование 
1796EXD,1796EXD, Испытательное оборудование 
1900B,1900B, Испытательное оборудование 
1901B,1901B, Испытательное оборудование 
1901B-220V,1901B-220V, Испытательное оборудование 
1902-220V,1902-220V, Испытательное оборудование 
2121C,2121C, Испытательное оборудование 
2190E-NIST,2190E-NIST, Испытательное оборудование 
231A,231A, Испытательное оборудование 
2407A,2407A, Испытательное оборудование 
2407A-W_CERTIFICATION,2407A-W_CERTIFICATION, Испытательное оборудование 
2512,2512, Испытательное оборудование 
2540,2540, Испытательное оборудование 
2542B-GEN,2542B-GEN, Испытательное оборудование 
2552,2552, Испытательное оборудование 
2553,2553, Испытательное оборудование 
R413855000,R413855000, Испытательное оборудование 
2704C,2704C, Испытательное оборудование 
2709B,2709B, Испытательное оборудование 
313A,313A, Испытательное оборудование 
316-NIST,316-NIST, Испытательное оборудование 
316-NIST-W_DATA,316-NIST-W_DATA, Испытательное оборудование 
350B,350B, Испытательное оборудование 
367A,367A, Испытательное оборудование 
367A-NIST,367A-NIST, Испытательное оборудование 
390A,390A, Испытательное оборудование 
391AKIT,391AKIT, Испытательное оборудование 
391A-NIST,391A-NIST, Испытательное оборудование 
391A-NIST-W_DATA,391A-NIST-W_DATA, Испытательное оборудование 
4001A,4001A, Испытательное оборудование 
4003A,4003A, Испытательное оборудование 
4005DDS,4005DDS, Испытательное оборудование 
4010A,4010A, Испытательное оборудование 
4011A,4011A, Испытательное оборудование 
 4011A W_CERT OF CAL. PLUS DATA , 4011A W_CERT OF CAL. PLUS DATA , Испытательное оборудование 
4030,4030, Испытательное оборудование 
4040A,4040A, Испытательное оборудование 
4040B,4040B, Испытательное оборудование 
4047B,4047B, Испытательное оборудование 
4052,4052, Испытательное оборудование 
4053B,4053B, Испытательное оборудование 
4077B,4077B, Испытательное оборудование 
4078B,4078B, Испытательное оборудование 
5335B,5335B, Испытательное оборудование 
5492B,5492B, Испытательное оборудование 
600B,600B, Испытательное оборудование 
636,636, Испытательное оборудование 
710,710, Испытательное оборудование 
732A,732A, Испытательное оборудование 
760ATC,760ATC, Испытательное оборудование 
810C-NIST-CERT-W_DATA,810C-NIST-CERT-W_DATA, Испытательное оборудование 
875B,875B, Испытательное оборудование 
875B-NIST_DATA,875B-NIST_DATA, Испытательное оборудование 
878B,878B, Испытательное оборудование 
878B-NIST,878B-NIST, Испытательное оборудование 
889B-NIST,889B-NIST, Испытательное оборудование 
894,894, Испытательное оборудование 
902406500,902406500, Испытательное оборудование 
9121A,9121A, Испытательное оборудование 
9123A,9123A, Испытательное оборудование 
9124,9124, Испытательное оборудование 
9131B,9131B, Испытательное оборудование 
9132B,9132B, Испытательное оборудование 
9174B,9174B, Испытательное оборудование 
ATR-2485,ATR-2485, Испытательное оборудование 
BA6011,BA6011, Испытательное оборудование 
BC885,BC885, Испытательное оборудование 
CAL73,CAL73, Испытательное оборудование 
CC21,CC21, Испытательное оборудование 
CC510,CC510, Испытательное оборудование 
CC520,CC520, Испытательное оборудование 
CC545,CC545, Испытательное оборудование 
 CP 3 , CP 3 , Испытательное оборудование 
 CT 2701 , CT 2701 , Испытательное оборудование 
DRGL,DRGL, Испытательное оборудование 
DRRS185,DRRS185, Испытательное оборудование 
DRRS232,DRRS232, Испытательное оборудование 
GP5492,GP5492, Испытательное оборудование 
HV-44A,HV-44A, Испытательное оборудование 
 LC 33 , LC 33 , Испытательное оборудование 
LP2560,LP2560, Испытательное оборудование 
MDL302,MDL302, Испытательное оборудование 
MDL305,MDL305, Испытательное оборудование 
PR150B,PR150B, Испытательное оборудование 
PR150SA,PR150SA, Испытательное оборудование 
 PR 26M , PR 26M , Испытательное оборудование 
PR33A,PR33A, Испытательное оборудование 
PR-37AR,PR-37AR, Испытательное оборудование 
PR55,PR55, Испытательное оборудование 
PR60-NIST,PR60-NIST, Испытательное оборудование 
RK02,RK02, Испытательное оборудование 
RKPVS,RKPVS, Испытательное оборудование 
SASPVS,SASPVS, Испытательное оборудование 
TL-1,TL-1, Испытательное оборудование 
TL-5A,TL-5A, Испытательное оборудование 
 TL 889A , TL 889A , Испытательное оборудование 
TL89F1,TL89F1, Испытательное оборудование 
TLFG,TLFG, Испытательное оборудование 
TLPS,TLPS, Испытательное оборудование 
XLN15010,XLN15010, Испытательное оборудование 
XLN30052-GL,XLN30052-GL, Испытательное оборудование 
XLN3640-GL,XLN3640-GL, Испытательное оборудование 
XLN8018,XLN8018, Испытательное оборудование 
XLN8018-GL,XLN8018-GL, Испытательное оборудование 
TDL110,TDL110, Испытательное оборудование 
CP6220-NA,CP6220-NA, Испытательное оборудование 
CP6550-EU,CP6550-EU, Испытательное оборудование 
CP6770-EU,CP6770-EU, Испытательное оборудование 
CP6770-NA,CP6770-NA, Испытательное оборудование 
CP6990-EU,CP6990-EU, Испытательное оборудование 
CT2002-4,CT2002-4, Испытательное оборудование 
CT2002-6,CT2002-6, Испытательное оборудование 
CT2011-0,CT2011-0, Испытательное оборудование 
CT2011-2,CT2011-2, Испытательное оборудование 
CT2011-5,CT2011-5, Испытательное оборудование 
CT2013-5,CT2013-5, Испытательное оборудование 
CT2015-0,CT2015-0, Испытательное оборудование 
CT2015-2,CT2015-2, Испытательное оборудование 
CT2015-6,CT2015-6, Испытательное оборудование 
CT2015-9,CT2015-9, Испытательное оборудование 
CT2016-0,CT2016-0, Испытательное оборудование 
CT2016-2,CT2016-2, Испытательное оборудование 
CT2016-4,CT2016-4, Испытательное оборудование 
CT2016-5,CT2016-5, Испытательное оборудование 
CT2016-6,CT2016-6, Испытательное оборудование 
CT2016-9,CT2016-9, Испытательное оборудование 
CT2017-2,CT2017-2, Испытательное оборудование 
CT2017-4,CT2017-4, Испытательное оборудование 
CT2017-5,CT2017-5, Испытательное оборудование 
CT2017-6,CT2017-6, Испытательное оборудование 
CT2213-4,CT2213-4, Испытательное оборудование 
CT2213-5,CT2213-5, Испытательное оборудование 
CT2220,CT2220, Испытательное оборудование 
CT2228-4,CT2228-4, Испытательное оборудование 
CT2230-0,CT2230-0, Испытательное оборудование 
CT2230-6,CT2230-6, Испытательное оборудование 
CT2230-9,CT2230-9, Испытательное оборудование 
CT2232-2,CT2232-2, Испытательное оборудование 
CT2232-4,CT2232-4, Испытательное оборудование 
CT2232-5,CT2232-5, Испытательное оборудование 
CT2232-6,CT2232-6, Испытательное оборудование 
CT2232-9,CT2232-9, Испытательное оборудование 
CT2234-0,CT2234-0, Испытательное оборудование 
CT2234-2,CT2234-2, Испытательное оборудование 
CT2234-5,CT2234-5, Испытательное оборудование 
CT2234-6,CT2234-6, Испытательное оборудование 
CT2234-9,CT2234-9, Испытательное оборудование 
CT2236-0,CT2236-0, Испытательное оборудование 
CT2236-2,CT2236-2, Испытательное оборудование 
CT2236-4,CT2236-4, Испытательное оборудование 
CT2238-0,CT2238-0, Испытательное оборудование 
CT2238-1,CT2238-1, Испытательное оборудование 
CT2238-2,CT2238-2, Испытательное оборудование 
CT2238-5,CT2238-5, Испытательное оборудование 
CT2240-2,CT2240-2, Испытательное оборудование 
CT2240-6,CT2240-6, Испытательное оборудование 
CT2242-4,CT2242-4, Испытательное оборудование 
CT2242-5,CT2242-5, Испытательное оборудование 
CT2242-6,CT2242-6, Испытательное оборудование 
CT2243-1,CT2243-1, Испытательное оборудование 
CT2243-2,CT2243-2, Испытательное оборудование 
CT2243-4,CT2243-4, Испытательное оборудование 
CT2243-5,CT2243-5, Испытательное оборудование 
CT2243-6,CT2243-6, Испытательное оборудование 
CT2244-4,CT2244-4, Испытательное оборудование 
CT2244-5,CT2244-5, Испытательное оборудование 
CT2245-2,CT2245-2, Испытательное оборудование 
CT2245-8,CT2245-8, Испытательное оборудование 
CT2247-2,CT2247-2, Испытательное оборудование 
CT2247-6,CT2247-6, Испытательное оборудование 
CT2248-2,CT2248-2, Испытательное оборудование 
CT2248-6,CT2248-6, Испытательное оборудование 
CT2248-9,CT2248-9, Испытательное оборудование 
CT2264-0,CT2264-0, Испытательное оборудование 
CT2264-2,CT2264-2, Испытательное оборудование 
CT2265-0,CT2265-0, Испытательное оборудование 
CT2265-2,CT2265-2, Испытательное оборудование 
CT2265-4,CT2265-4, Испытательное оборудование 
CT2265-5,CT2265-5, Испытательное оборудование 
CT2266-2,CT2266-2, Испытательное оборудование 
CT2266-6,CT2266-6, Испытательное оборудование 
CT2266-9,CT2266-9, Испытательное оборудование 
CT2268,CT2268, Испытательное оборудование 
CT2388-2,CT2388-2, Испытательное оборудование 
CT2388-4,CT2388-4, Испытательное оборудование 
CT2388-6,CT2388-6, Испытательное оборудование 
CT2392A-0,CT2392A-0, Испытательное оборудование 
CT2392A-2,CT2392A-2, Испытательное оборудование 
CT2392A-4,CT2392A-4, Испытательное оборудование 
CT2392A-6,CT2392A-6, Испытательное оборудование 
CT2392A-9,CT2392A-9, Испытательное оборудование 
CT2399-6,CT2399-6, Испытательное оборудование 
CT2399-9,CT2399-9, Испытательное оборудование 
CT2400-0,CT2400-0, Испытательное оборудование 
CT2473-9,CT2473-9, Испытательное оборудование 
CT2483,CT2483, Испытательное оборудование 
CT2488,CT2488, Испытательное оборудование 
CT2553-0,CT2553-0, Испытательное оборудование 
R413860115,R413860115, Испытательное оборудование 
CT2553-5,CT2553-5, Испытательное оборудование 
CT2553-9,CT2553-9, Испытательное оборудование 
CT2575-0,CT2575-0, Испытательное оборудование 
CT2575-5,CT2575-5, Испытательное оборудование 
CT2575-6,CT2575-6, Испытательное оборудование 
CT2576-2,CT2576-2, Испытательное оборудование 
CT2592-3,CT2592-3, Испытательное оборудование 
CT2592-4,CT2592-4, Испытательное оборудование 
CT2592-9,CT2592-9, Испытательное оборудование 
CT2593-1,CT2593-1, Испытательное оборудование 
CT2621A,CT2621A, Испытательное оборудование 
CT2622,CT2622, Испытательное оборудование 
CT2631-4,CT2631-4, Испытательное оборудование 
CT2631-S-0,CT2631-S-0, Испытательное оборудование 
CT2631-S-4,CT2631-S-4, Испытательное оборудование 
CT2661,CT2661, Испытательное оборудование 
CT2662,CT2662, Испытательное оборудование 
CT2663,CT2663, Испытательное оборудование 
CT2666A,CT2666A, Испытательное оборудование 
CT2667,CT2667, Испытательное оборудование 
CT2676ARA,CT2676ARA, Испытательное оборудование 
CT2677ARA,CT2677ARA, Испытательное оборудование 
CT2695,CT2695, Испытательное оборудование 
CT2696,CT2696, Испытательное оборудование 
CT2700,CT2700, Испытательное оборудование 
CT2704,CT2704, Испытательное оборудование 
CT2709A-0,CT2709A-0, Испытательное оборудование 
CT2710-12-0,CT2710-12-0, Испытательное оборудование 
CT2710-12-8,CT2710-12-8, Испытательное оборудование 
CT2711A-8,CT2711A-8, Испытательное оборудование 
CT2714,CT2714, Испытательное оборудование 
CT2799-0-100,CT2799-0-100, Испытательное оборудование 
CT2838A,CT2838A, Испытательное оборудование 
CT2840RA,CT2840RA, Испытательное оборудование 
CT2844-0-10,CT2844-0-10, Испытательное оборудование 
CT2845-5,CT2845-5, Испытательное оборудование 
CT2845-9,CT2845-9, Испытательное оборудование 
CT2847,CT2847, Испытательное оборудование 
CT2848-12,CT2848-12, Испытательное оборудование 
CT2848-6,CT2848-6, Испытательное оборудование 
CT2848-8,CT2848-8, Испытательное оборудование 
CT2850,CT2850, Испытательное оборудование 
CT2904-0,CT2904-0, Испытательное оборудование 
CT2904-2,CT2904-2, Испытательное оборудование 
CT2904-4,CT2904-4, Испытательное оборудование 
CT2904-5,CT2904-5, Испытательное оборудование 
CT2904-6,CT2904-6, Испытательное оборудование 
CT2906-1,CT2906-1, Испытательное оборудование 
CT2906-6,CT2906-6, Испытательное оборудование 
CT2906-7,CT2906-7, Испытательное оборудование 
CT2906-8,CT2906-8, Испытательное оборудование 
CT2906-9,CT2906-9, Испытательное оборудование 
CT2908-1,CT2908-1, Испытательное оборудование 
CT2908-2,CT2908-2, Испытательное оборудование 
CT2908-4,CT2908-4, Испытательное оборудование 
CT2908-6,CT2908-6, Испытательное оборудование 
CT2910-2,CT2910-2, Испытательное оборудование 
CT2910-6,CT2910-6, Испытательное оборудование 
CT2911-2,CT2911-2, Испытательное оборудование 
CT2911-4,CT2911-4, Испытательное оборудование 
CT2911-5,CT2911-5, Испытательное оборудование 
CT2911-6,CT2911-6, Испытательное оборудование 
CT2911-8,CT2911-8, Испытательное оборудование 
CT2912-1,CT2912-1, Испытательное оборудование 
CT2912-6,CT2912-6, Испытательное оборудование 
CT2912-7,CT2912-7, Испытательное оборудование 
CT2913-0,CT2913-0, Испытательное оборудование 
CT2913-1,CT2913-1, Испытательное оборудование 
CT2913-6,CT2913-6, Испытательное оборудование 
CT2913-9,CT2913-9, Испытательное оборудование 
CT2914-5,CT2914-5, Испытательное оборудование 
CT2915-2,CT2915-2, Испытательное оборудование 
CT2915-4,CT2915-4, Испытательное оборудование 
CT2915-5,CT2915-5, Испытательное оборудование 
CT2915-6,CT2915-6, Испытательное оборудование 
CT2915-7,CT2915-7, Испытательное оборудование 
CT2965-2,CT2965-2, Испытательное оборудование 
CT2965-6,CT2965-6, Испытательное оборудование 
CT2965-9,CT2965-9, Испытательное оборудование 
CT2970,CT2970, Испытательное оборудование 
CT2982,CT2982, Испытательное оборудование 
CT2988,CT2988, Испытательное оборудование 
CT2989-2,CT2989-2, Испытательное оборудование 
CT2989-4,CT2989-4, Испытательное оборудование 
CT2989-5,CT2989-5, Испытательное оборудование 
CT2989-6,CT2989-6, Испытательное оборудование 
CT2989-S-0,CT2989-S-0, Испытательное оборудование 
CT2989-S-6,CT2989-S-6, Испытательное оборудование 
CT3041,CT3041, Испытательное оборудование 
CT3045,CT3045, Испытательное оборудование 
CT3097,CT3097, Испытательное оборудование 
CT3101,CT3101, Испытательное оборудование 
CT3133,CT3133, Испытательное оборудование 
CT3133RA,CT3133RA, Испытательное оборудование 
CT3145-1,CT3145-1, Испытательное оборудование 
CT3145-2,CT3145-2, Испытательное оборудование 
CT3145-5,CT3145-5, Испытательное оборудование 
CT3145-9,CT3145-9, Испытательное оборудование 
CT3146,CT3146, Испытательное оборудование 
CT3147-0,CT3147-0, Испытательное оборудование 
CT3147-1,CT3147-1, Испытательное оборудование 
CT3147-4,CT3147-4, Испытательное оборудование 
CT3147-5,CT3147-5, Испытательное оборудование 
CT3147-9,CT3147-9, Испытательное оборудование 
CT3149-0,CT3149-0, Испытательное оборудование 
CT3149-5,CT3149-5, Испытательное оборудование 
CT3149-6,CT3149-6, Испытательное оборудование 
CT3149-9,CT3149-9, Испытательное оборудование 
CT3150-1,CT3150-1, Испытательное оборудование 
CT3150-2,CT3150-2, Испытательное оборудование 
CT3150-4,CT3150-4, Испытательное оборудование 
CT3150-9,CT3150-9, Испытательное оборудование 
CT3151-0,CT3151-0, Испытательное оборудование 
CT3151-1,CT3151-1, Испытательное оборудование 
CT3151-4,CT3151-4, Испытательное оборудование 
CT3151-5,CT3151-5, Испытательное оборудование 
CT3162-4,CT3162-4, Испытательное оборудование 
CT3164-6,CT3164-6, Испытательное оборудование 
CT3166-0,CT3166-0, Испытательное оборудование 
CT3166-4,CT3166-4, Испытательное оборудование 
CT3168-0,CT3168-0, Испытательное оборудование 
CT3180-0,CT3180-0, Испытательное оборудование 
CT3180-2,CT3180-2, Испытательное оборудование 
CT3180-5,CT3180-5, Испытательное оборудование 
CT3189-5,CT3189-5, Испытательное оборудование 
CT3189-6,CT3189-6, Испытательное оборудование 
CT3189-9,CT3189-9, Испытательное оборудование 
CT3195,CT3195, Испытательное оборудование 
CT3196,CT3196, Испытательное оборудование 
CT3201-0,CT3201-0, Испытательное оборудование 
CT3201-2,CT3201-2, Испытательное оборудование 
CT3201-4,CT3201-4, Испытательное оборудование 
CT3201-5,CT3201-5, Испытательное оборудование 
CT3201-6,CT3201-6, Испытательное оборудование 
CT3201-9,CT3201-9, Испытательное оборудование 
CT3201-S-0,CT3201-S-0, Испытательное оборудование 
CT3201-S-4,CT3201-S-4, Испытательное оборудование 
CT3201-S-5,CT3201-S-5, Испытательное оборудование 
CT3201-S-6,CT3201-S-6, Испытательное оборудование 
CT3202,CT3202, Испытательное оборудование 
CT3202W,CT3202W, Испытательное оборудование 
CT3204W,CT3204W, Испытательное оборудование 
CT3208,CT3208, Испытательное оборудование 
CT3209-0,CT3209-0, Испытательное оборудование 
CT3209-2,CT3209-2, Испытательное оборудование 
CT3209-6,CT3209-6, Испытательное оборудование 
CT3211-1,CT3211-1, Испытательное оборудование 
CT3212,CT3212, Испытательное оборудование 
CT3214-02A,CT3214-02A, Испытательное оборудование 
CT3214-06A,CT3214-06A, Испытательное оборудование 
CT3214-10A,CT3214-10A, Испытательное оборудование 
CT3214-15A,CT3214-15A, Испытательное оборудование 
CT3217,CT3217, Испытательное оборудование 
CT3230-100,CT3230-100, Испытательное оборудование 
CT3249-5,CT3249-5, Испытательное оборудование 
CT3249-6,CT3249-6, Испытательное оборудование 
CT3249-9,CT3249-9, Испытательное оборудование 
CT3250-0,CT3250-0, Испытательное оборудование 
CT3250-5,CT3250-5, Испытательное оборудование 
CT3250-6,CT3250-6, Испытательное оборудование 
CT3251-4,CT3251-4, Испытательное оборудование 
CT3251-7,CT3251-7, Испытательное оборудование 
CT3251-8,CT3251-8, Испытательное оборудование 
CT3252-0,CT3252-0, Испытательное оборудование 
CT3252-2,CT3252-2, Испытательное оборудование 
CT3252-4,CT3252-4, Испытательное оборудование 
CT3252-5,CT3252-5, Испытательное оборудование 
CT3252-6,CT3252-6, Испытательное оборудование 
CT3252-7,CT3252-7, Испытательное оборудование 
CT3276-0,CT3276-0, Испытательное оборудование 
CT3276-2,CT3276-2, Испытательное оборудование 
CT3353-10,CT3353-10, Испытательное оборудование 
CT3369A-06,CT3369A-06, Испытательное оборудование 
CT3374A,CT3374A, Испытательное оборудование 
CT3375A,CT3375A, Испытательное оборудование 
CT3376A,CT3376A, Испытательное оборудование 
CT3377,CT3377, Испытательное оборудование 
CT3382,CT3382, Испытательное оборудование 
CT3386CA,CT3386CA, Испытательное оборудование 
CT3407-9,CT3407-9, Испытательное оборудование 
CT3438-0,CT3438-0, Испытательное оборудование 
CT3438-2,CT3438-2, Испытательное оборудование 
CT3438-4,CT3438-4, Испытательное оборудование 
CT3438-5,CT3438-5, Испытательное оборудование 
CT3441-2,CT3441-2, Испытательное оборудование 
CT3454CA,CT3454CA, Испытательное оборудование 
CT3649,CT3649, Испытательное оборудование 
CT3667,CT3667, Испытательное оборудование 
CT3668,CT3668, Испытательное оборудование 
CT3669-15-8,CT3669-15-8, Испытательное оборудование 
CT3676,CT3676, Испытательное оборудование 
CT3677,CT3677, Испытательное оборудование 
CT3684,CT3684, Испытательное оборудование 
CT3686,CT3686, Испытательное оборудование 
CT3687,CT3687, Испытательное оборудование 
CT3688,CT3688, Испытательное оборудование 
CT3740,CT3740, Испытательное оборудование 
CT3755-2,CT3755-2, Испытательное оборудование 
CT3757-2,CT3757-2, Испытательное оборудование 
CT3759-2,CT3759-2, Испытательное оборудование 
CT3761-2,CT3761-2, Испытательное оборудование 
CT3765-0,CT3765-0, Испытательное оборудование 
CT3769-0,CT3769-0, Испытательное оборудование 
CT3770,CT3770, Испытательное оборудование 
CT3771-0,CT3771-0, Испытательное оборудование 
CT3771-2,CT3771-2, Испытательное оборудование 
CT3773-0,CT3773-0, Испытательное оборудование 
CT3773-2,CT3773-2, Испытательное оборудование 
CT3774,CT3774, Испытательное оборудование 
CT3776,CT3776, Испытательное оборудование 
CT3810-60,CT3810-60, Испытательное оборудование 
CT3823-0,CT3823-0, Испытательное оборудование 
CT3940-8,CT3940-8, Испытательное оборудование 
CT3941,CT3941, Испытательное оборудование 
CT3945,CT3945, Испытательное оборудование 
CT3946-0,CT3946-0, Испытательное оборудование 
CT3946-2,CT3946-2, Испытательное оборудование 
CT3947,CT3947, Испытательное оборудование 
R414400000,R414400000, Испытательное оборудование 
CT3948,CT3948, Испытательное оборудование 
CT3975,CT3975, Испытательное оборудование 
CT3976,CT3976, Испытательное оборудование 
CT3978,CT3978, Испытательное оборудование 
CT3994-8,CT3994-8, Испытательное оборудование 
CT4068,CT4068, Испытательное оборудование 
CT4079,CT4079, Испытательное оборудование 
CT4121,CT4121, Испытательное оборудование 
CT4192,CT4192, Испытательное оборудование 
CTM-11APS,CTM-11APS, Испытательное оборудование 
CTM-11CPS,CTM-11CPS, Испытательное оборудование 
CTM-13-0,CTM-13-0, Испытательное оборудование 
CTM-21APN,CTM-21APN, Испытательное оборудование 
CTM-21CPN,CTM-21CPN, Испытательное оборудование 
CTM-23-0,CTM-23-0, Испытательное оборудование 
CTM-23-2,CTM-23-2, Испытательное оборудование 
CTM-23-6,CTM-23-6, Испытательное оборудование 
CTM-24APN,CTM-24APN, Испытательное оборудование 
CTM-25182,CTM-25182, Испытательное оборудование 
CTM-26-4,CTM-26-4, Испытательное оборудование 
CTM-26-5,CTM-26-5, Испытательное оборудование 
CTM-27CG,CTM-27CG, Испытательное оборудование 
CTM-30,CTM-30, Испытательное оборудование 
CTM-30BL,CTM-30BL, Испытательное оборудование 
CTM-31-0,CTM-31-0, Испытательное оборудование 
CTM-31-4,CTM-31-4, Испытательное оборудование 
CTM-32-4,CTM-32-4, Испытательное оборудование 
CTM-32-9,CTM-32-9, Испытательное оборудование 
CTM-33C,CTM-33C, Испытательное оборудование 
CTM-34C,CTM-34C, Испытательное оборудование 
CTM-35-0,CTM-35-0, Испытательное оборудование 
CTM-35-2,CTM-35-2, Испытательное оборудование 
CTM-36-0,CTM-36-0, Испытательное оборудование 
CTM-36-4,CTM-36-4, Испытательное оборудование 
CTM-36-9,CTM-36-9, Испытательное оборудование 
CTM-40A-0,CTM-40A-0, Испытательное оборудование 
CTM-40C-0,CTM-40C-0, Испытательное оборудование 
CTM-41C-0,CTM-41C-0, Испытательное оборудование 
CTM-46A-2,CTM-46A-2, Испытательное оборудование 
CTM-47-4,CTM-47-4, Испытательное оборудование 
CTM-47-5,CTM-47-5, Испытательное оборудование 
CTM-47-9,CTM-47-9, Испытательное оборудование 
CTM-51C,CTM-51C, Испытательное оборудование 
CTM-58,CTM-58, Испытательное оборудование 
CTM-60C,CTM-60C, Испытательное оборудование 
CTM-60CHS-0,CTM-60CHS-0, Испытательное оборудование 
CTM-60CS,CTM-60CS, Испытательное оборудование 
CTM-60H-2,CTM-60H-2, Испытательное оборудование 
CTM-60PR2,CTM-60PR2, Испытательное оборудование 
CTM-63-0,CTM-63-0, Испытательное оборудование 
CTM-63-2,CTM-63-2, Испытательное оборудование 
CTM-63-4,CTM-63-4, Испытательное оборудование 
CTM-63-6,CTM-63-6, Испытательное оборудование 
CTM-63C-0,CTM-63C-0, Испытательное оборудование 
CTM-63C-2,CTM-63C-2, Испытательное оборудование 
CTM-63C-5,CTM-63C-5, Испытательное оборудование 
CTM-63C-6,CTM-63C-6, Испытательное оборудование 
CTM-63C-9,CTM-63C-9, Испытательное оборудование 
CTM-70C,CTM-70C, Испытательное оборудование 
CTM-72-0,CTM-72-0, Испытательное оборудование 
CTM-72-4,CTM-72-4, Испытательное оборудование 
CTM-72-5,CTM-72-5, Испытательное оборудование 
CTM-72-6,CTM-72-6, Испытательное оборудование 
CTM-74-2,CTM-74-2, Испытательное оборудование 
CTM-75K,CTM-75K, Испытательное оборудование 
CTM-78K,CTM-78K, Испытательное оборудование 
CTM-8078,CTM-8078, Испытательное оборудование 
CTM-8681-9,CTM-8681-9, Испытательное оборудование 
CTM-87-0,CTM-87-0, Испытательное оборудование 
CTM-87-4,CTM-87-4, Испытательное оборудование 
CTM-87-5,CTM-87-5, Испытательное оборудование 
CTM-87-6,CTM-87-6, Испытательное оборудование 
CTM-8783,CTM-8783, Испытательное оборудование 
CTM-90-0,CTM-90-0, Испытательное оборудование 
CTM-90-2,CTM-90-2, Испытательное оборудование 
CTM-90-4,CTM-90-4, Испытательное оборудование 
CTM-90-5,CTM-90-5, Испытательное оборудование 
CTM-90-6,CTM-90-6, Испытательное оборудование 
CTM-90-9,CTM-90-9, Испытательное оборудование 
GE1501,GE1501, Испытательное оборудование 
GE1502,GE1502, Испытательное оборудование 
GE1512RA,GE1512RA, Испытательное оборудование 
GE2501,GE2501, Испытательное оборудование 
GE2512,GE2512, Испытательное оборудование 
GE2521,GE2521, Испытательное оборудование 
GE2522,GE2522, Испытательное оборудование 
GE3121RA,GE3121RA, Испытательное оборудование 
GE3122,GE3122, Испытательное оборудование 
GE3421RA,GE3421RA, Испытательное оборудование 
GE3422,GE3422, Испытательное оборудование 
GE4511,GE4511, Испытательное оборудование 
GE4521RA,GE4521RA, Испытательное оборудование 
FP-2S-2,FP-2S-2, Испытательное оборудование 
88970310,88970310, Испытательное оборудование 
88970311,88970311, Испытательное оборудование 
88970312,88970312, Испытательное оборудование 
81503540,81503540, Испытательное оборудование 
81506720,81506720, Испытательное оборудование 
81506940,81506940, Испытательное оборудование 
87621125,87621125, Испытательное оборудование 
87622061,87622061, Испытательное оборудование 
87622162,87622162, Испытательное оборудование 
87622170,87622170, Испытательное оборудование 
87622181,87622181, Испытательное оборудование 
87623570,87623570, Испытательное оборудование 
87623571,87623571, Испытательное оборудование 
87623572,87623572, Испытательное оборудование 
87629113,87629113, Испытательное оборудование 
87629123,87629123, Испытательное оборудование 
87629124,87629124, Испытательное оборудование 
88827004,88827004, Испытательное оборудование 
88827100,88827100, Испытательное оборудование 
88827105,88827105, Испытательное оборудование 
88827115,88827115, Испытательное оборудование 
88827135,88827135, Испытательное оборудование 
88827145,88827145, Испытательное оборудование 
88827155,88827155, Испытательное оборудование 
88829198,88829198, Испытательное оборудование 
88886016,88886016, Испытательное оборудование 
88896203,88896203, Испытательное оборудование 
99772718,99772718, Испытательное оборудование 
99776602,99776602, Испытательное оборудование 
99776605,99776605, Испытательное оборудование 
99776610,99776610, Испытательное оборудование 
99776710,99776710, Испытательное оборудование 
99776736,99776736, Испытательное оборудование 
99776905,99776905, Испытательное оборудование 
99776924,99776924, Испытательное оборудование 
99777720,99777720, Испытательное оборудование 
99777825,99777825, Испытательное оборудование 
99778710,99778710, Испытательное оборудование 
99778714,99778714, Испытательное оборудование 
99779716,99779716, Испытательное оборудование 
R414402000,R414402000, Испытательное оборудование 
99782710,99782710, Испытательное оборудование 
99782714,99782714, Испытательное оборудование 
99782715,99782715, Испытательное оборудование 
GDF1R10MV2,GDF1R10MV2, Испытательное оборудование 
GDS2R10MV2,GDS2R10MV2, Испытательное оборудование 
CATTEN-01R0,CATTEN-01R0, Испытательное оборудование 
CATTEN-01R0-BNC,CATTEN-01R0-BNC, Испытательное оборудование 
CATTEN-01R5-BNC,CATTEN-01R5-BNC, Испытательное оборудование 
CATTEN-02R0-BNC,CATTEN-02R0-BNC, Испытательное оборудование 
CATTEN-04R0,CATTEN-04R0, Испытательное оборудование 
CATTEN-04R0-BNC,CATTEN-04R0-BNC, Испытательное оборудование 
CATTEN-05R0-BNC,CATTEN-05R0-BNC, Испытательное оборудование 
CATTEN-06R0,CATTEN-06R0, Испытательное оборудование 
CATTEN-06R0-BNC,CATTEN-06R0-BNC, Испытательное оборудование 
CATTEN-07R0-BNC,CATTEN-07R0-BNC, Испытательное оборудование 
CATTEN-08R0-BNC,CATTEN-08R0-BNC, Испытательное оборудование 
CATTEN-09R0-BNC,CATTEN-09R0-BNC, Испытательное оборудование 
 AC-C13 AU , AC-C13 AU , Испытательное оборудование 
303-0000,303-0000, Испытательное оборудование 
410-320,410-320, Испытательное оборудование 
410-321,410-321, Испытательное оборудование 
460-004,460-004, Испытательное оборудование 
DLP-232PC,DLP-232PC, Испытательное оборудование 
DLP-IO14,DLP-IO14, Испытательное оборудование 
DLP-IO8-G,DLP-IO8-G, Испытательное оборудование 
DLP-TEMP-G,DLP-TEMP-G, Испытательное оборудование 
15-3108,15-3108, Испытательное оборудование 
67-016-01,67-016-01, Испытательное оборудование 
67-023-01,67-023-01, Испытательное оборудование 
68-008-01,68-008-01, Испытательное оборудование 
68-022-01,68-022-01, Испытательное оборудование 
MPT-250C,MPT-250C, Испытательное оборудование 
ES-DLA-8-P,ES-DLA-8-P, Испытательное оборудование 
 HP-3060 (pairs) , HP-3060 (pairs) , Испытательное оборудование 
SYLOG-USB-4,SYLOG-USB-4, Испытательное оборудование 
SYLOG-USBCO,SYLOG-USBCO, Испытательное оборудование 
365510,365510, Испытательное оборудование 
380224-NIST,380224-NIST, Испытательное оборудование 
380260,380260, Испытательное оборудование 
380320,380320, Испытательное оборудование 
380360,380360, Испытательное оборудование 
380360-NIST,380360-NIST, Испытательное оборудование 
380400,380400, Испытательное оборудование 
380400-NIST,380400-NIST, Испытательное оборудование 
380405,380405, Испытательное оборудование 
380801-NIST,380801-NIST, Испытательное оборудование 
380803-NIST,380803-NIST, Испытательное оборудование 
380926,380926, Испытательное оборудование 
380926-NIST,380926-NIST, Испытательное оборудование 
380940,380940, Испытательное оборудование 
380941-NIST,380941-NIST, Испытательное оборудование 
380942,380942, Испытательное оборудование 
380947,380947, Испытательное оборудование 
380947-NIST,380947-NIST, Испытательное оборудование 
380950,380950, Испытательное оборудование 
382202,382202, Испытательное оборудование 
382213,382213, Испытательное оборудование 
382275,382275, Испытательное оборудование 
382276,382276, Испытательное оборудование 
382357,382357, Испытательное оборудование 
38387,38387, Испытательное оборудование 
38387-NIST,38387-NIST, Испытательное оборудование 
392052,392052, Испытательное оборудование 
39240,39240, Испытательное оборудование 
40180,40180, Испытательное оборудование 
404218,404218, Испытательное оборудование 
407113,407113, Испытательное оборудование 
407123,407123, Испытательное оборудование 
407228,407228, Испытательное оборудование 
407510,407510, Испытательное оборудование 
407730,407730, Испытательное оборудование 
407736,407736, Испытательное оборудование 
407750,407750, Испытательное оборудование 
407750-NIST,407750-NIST, Испытательное оборудование 
407764-EXT,407764-EXT, Испытательное оборудование 
407766-NIST,407766-NIST, Испытательное оборудование 
407768-NIST,407768-NIST, Испытательное оборудование 
407790-NIST,407790-NIST, Испытательное оборудование 
407860,407860, Испытательное оборудование 
409992,409992, Испытательное оборудование 
409996,409996, Испытательное оборудование 
412355A,412355A, Испытательное оборудование 
421502,421502, Испытательное оборудование 
421509-NIST,421509-NIST, Испытательное оборудование 
42275,42275, Испытательное оборудование 
42509,42509, Испытательное оборудование 
42509-NIST,42509-NIST, Испытательное оборудование 
42510A,42510A, Испытательное оборудование 
42529,42529, Испытательное оборудование 
42530,42530, Испытательное оборудование 
42545-NIST,42545-NIST, Испытательное оборудование 
R414405000,R414405000, Испытательное оборудование 
433202-NIST,433202-NIST, Испытательное оборудование 
445580,445580, Испытательное оборудование 
445580-NIST,445580-NIST, Испытательное оборудование 
445702,445702, Испытательное оборудование 
445815,445815, Испытательное оборудование 
45118,45118, Испытательное оборудование 
45160,45160, Испытательное оборудование 
461825-NIST,461825-NIST, Испытательное оборудование 
461830,461830, Испытательное оборудование 
461830-NIST,461830-NIST, Испытательное оборудование 
461831-NIST,461831-NIST, Испытательное оборудование 
461834,461834, Испытательное оборудование 
461891,461891, Испытательное оборудование 
461895-NIST,461895-NIST, Испытательное оборудование 
461920,461920, Испытательное оборудование 
461950,461950, Испытательное оборудование 
475044-NIST,475044-NIST, Испытательное оборудование 
480172,480172, Испытательное оборудование 
480826,480826, Испытательное оборудование 
60120B,60120B, Испытательное оборудование 
6012WS,6012WS, Испытательное оборудование 
6015WC,6015WC, Испытательное оборудование 
850185,850185, Испытательное оборудование 
850186,850186, Испытательное оборудование 
850187,850187, Испытательное оборудование 
850188,850188, Испытательное оборудование 
850189,850189, Испытательное оборудование 
871515,871515, Испытательное оборудование 
881603,881603, Испытательное оборудование 
AN200,AN200, Испытательное оборудование 
AN200-NISTL,AN200-NISTL, Испытательное оборудование 
AN300-C,AN300-C, Испытательное оборудование 
AUT600,AUT600, Испытательное оборудование 
BR-17CAM-2M,BR-17CAM-2M, Испытательное оборудование 
BR-17CAM-5M,BR-17CAM-5M, Испытательное оборудование 
BR200,BR200, Испытательное оборудование 
BR200-EXT,BR200-EXT, Испытательное оборудование 
BR-5CAM,BR-5CAM, Испытательное оборудование 
BR-9CAM-2M,BR-9CAM-2M, Испытательное оборудование 
BR-9CAM-5M,BR-9CAM-5M, Испытательное оборудование 
CA895,CA895, Испытательное оборудование 
CA900,CA900, Испытательное оборудование 
CB20,CB20, Испытательное оборудование 
CG204,CG204, Испытательное оборудование 
CL200,CL200, Испытательное оборудование 
CO100,CO100, Испытательное оборудование 
CO210,CO210, Испытательное оборудование 
CO250,CO250, Испытательное оборудование 
DA30,DA30, Испытательное оборудование 
DM166-NIST,DM166-NIST, Испытательное оборудование 
DM285,DM285, Испытательное оборудование 
DM285-NIST,DM285-NIST, Испытательное оборудование 
DM64-NIST,DM64-NIST, Испытательное оборудование 
DT100M,DT100M, Испытательное оборудование 
DV20,DV20, Испытательное оборудование 
DV23,DV23, Испытательное оборудование 
DVA30,DVA30, Испытательное оборудование 
EA10-NIST,EA10-NIST, Испытательное оборудование 
EA15-NIST,EA15-NIST, Испытательное оборудование 
EA20-NIST,EA20-NIST, Испытательное оборудование 
EA25,EA25, Испытательное оборудование 
EA25-NIST,EA25-NIST, Испытательное оборудование 
EA30-NIST,EA30-NIST, Испытательное оборудование 
EA33,EA33, Испытательное оборудование 
EA80,EA80, Испытательное оборудование 
EC510,EC510, Испытательное оборудование 
EC600,EC600, Испытательное оборудование 
ET20B,ET20B, Испытательное оборудование 
ET23B,ET23B, Испытательное оборудование 
ET25,ET25, Испытательное оборудование 
ET26B,ET26B, Испытательное оборудование 
ET28B,ET28B, Испытательное оборудование 
ET30B,ET30B, Испытательное оборудование 
EX205T,EX205T, Испытательное оборудование 
EX210-NIST,EX210-NIST, Испытательное оборудование 
EX210-NISTL,EX210-NISTL, Испытательное оборудование 
EX210T,EX210T, Испытательное оборудование 
EX230,EX230, Испытательное оборудование 
EX310,EX310, Испытательное оборудование 
EX310-NIST,EX310-NIST, Испытательное оборудование 
EX320-NIST,EX320-NIST, Испытательное оборудование 
EX330,EX330, Испытательное оборудование 
EX350,EX350, Испытательное оборудование 
EX350-NIST,EX350-NIST, Испытательное оборудование 
EX410-NIST,EX410-NIST, Испытательное оборудование 
EX411-NIST,EX411-NIST, Испытательное оборудование 
EX430,EX430, Испытательное оборудование 
EX430-NIST,EX430-NIST, Испытательное оборудование 
EX470,EX470, Испытательное оборудование 
EX470-NISTL,EX470-NISTL, Испытательное оборудование 
EX503,EX503, Испытательное оборудование 
EX505,EX505, Испытательное оборудование 
EX530,EX530, Испытательное оборудование 
EX540-NIST,EX540-NIST, Испытательное оборудование 
EX542,EX542, Испытательное оборудование 
EX542-NIST,EX542-NIST, Испытательное оборудование 
EX570,EX570, Испытательное оборудование 
EX623,EX623, Испытательное оборудование 
EX623-NISTL,EX623-NISTL, Испытательное оборудование 
EX720-NIST,EX720-NIST, Испытательное оборудование 
EX730,EX730, Испытательное оборудование 
EX810-NISTL,EX810-NISTL, Испытательное оборудование 
EX820-NISTL,EX820-NISTL, Испытательное оборудование 
EX840,EX840, Испытательное оборудование 
EX900,EX900, Испытательное оборудование 
EZ40,EZ40, Испытательное оборудование 
GRT300,GRT300, Испытательное оборудование 
HD300,HD300, Испытательное оборудование 
HD300-NIST,HD300-NIST, Испытательное оборудование 
HD300-NISTL,HD300-NISTL, Испытательное оборудование 
HD755-NIST,HD755-NIST, Испытательное оборудование 
HDV-25CAM-30G,HDV-25CAM-30G, Испытательное оборудование 
HDV-4CAM-5FM,HDV-4CAM-5FM, Испытательное оборудование 
HDV-5CAM-1R,HDV-5CAM-1R, Испытательное оборудование 
HDV610,HDV610, Испытательное оборудование 
HDV650W-30G,HDV650W-30G, Испытательное оборудование 
HDV-TX2,HDV-TX2, Испытательное оборудование 
HW30,HW30, Испытательное оборудование 
HW30-NISTL,HW30-NISTL, Испытательное оборудование 
IR200,IR200, Испытательное оборудование 
IR260,IR260, Испытательное оборудование 
LCR200,LCR200, Испытательное оборудование 
LRK10,LRK10, Испытательное оборудование 
MA120,MA120, Испытательное оборудование 
MA160,MA160, Испытательное оборудование 
MA200,MA200, Испытательное оборудование 
MA3010,MA3010, Испытательное оборудование 
MA3018,MA3018, Испытательное оборудование 
MA410-NIST,MA410-NIST, Испытательное оборудование 
MA430T,MA430T, Испытательное оборудование 
MA440,MA440, Испытательное оборудование 
MA443,MA443, Испытательное оборудование 
MA445,MA445, Испытательное оборудование 
MA61,MA61, Испытательное оборудование 
MA620-K,MA620-K, Испытательное оборудование 
MA63,MA63, Испытательное оборудование 
MA640-K,MA640-K, Испытательное оборудование 
MF100,MF100, Испытательное оборудование 
MG300-ETK,MG300-ETK, Испытательное оборудование 
MG320,MG320, Испытательное оборудование 
MM560A-NIST,MM560A-NIST, Испытательное оборудование 
MN30,MN30, Испытательное оборудование 
MO257,MO257, Испытательное оборудование 
MO280-KH,MO280-KH, Испытательное оборудование 
MO295,MO295, Испытательное оборудование 
MO53,MO53, Испытательное оборудование 
MO57,MO57, Испытательное оборудование 
MO750,MO750, Испытательное оборудование 
MP530-NIST,MP530-NIST, Испытательное оборудование 
MS420,MS420, Испытательное оборудование 
OYSTER-16,OYSTER-16, Испытательное оборудование 
PH100,PH100, Испытательное оборудование 
PH105,PH105, Испытательное оборудование 
PH113,PH113, Испытательное оборудование 
PH115,PH115, Испытательное оборудование 
PH220-C,PH220-C, Испытательное оборудование 
PH50,PH50, Испытательное оборудование 
PQ3350-1,PQ3350-1, Испытательное оборудование 
PQ3350-3,PQ3350-3, Испытательное оборудование 
PQ34-12,PQ34-12, Испытательное оборудование 
PQ34-2,PQ34-2, Испытательное оборудование 
PQ34-30,PQ34-30, Испытательное оборудование 
PQ3450,PQ3450, Испытательное оборудование 
PRC20,PRC20, Испытательное оборудование 
PRC30-NIST,PRC30-NIST, Испытательное оборудование 
PRT200,PRT200, Испытательное оборудование 
RF10,RF10, Испытательное оборудование 
RF11,RF11, Испытательное оборудование 
RF20,RF20, Испытательное оборудование 
RF40,RF40, Испытательное оборудование 
RH101,RH101, Испытательное оборудование 
RH25,RH25, Испытательное оборудование 
RH300-CAL,RH300-CAL, Испытательное оборудование 
RH300-NIST,RH300-NIST, Испытательное оборудование 
RH305-NIST,RH305-NIST, Испытательное оборудование 
RH520A,RH520A, Испытательное оборудование 
RH522,RH522, Испытательное оборудование 
RHT10,RHT10, Испытательное оборудование 
RHT30,RHT30, Испытательное оборудование 
RHT35,RHT35, Испытательное оборудование 
RHT50,RHT50, Испытательное оборудование 
RPM33,RPM33, Испытательное оборудование 
SD500,SD500, Испытательное оборудование 
SDL100,SDL100, Испытательное оборудование 
SDL200,SDL200, Испытательное оборудование 
SDL200-NIST,SDL200-NIST, Испытательное оборудование 
SDL310,SDL310, Испытательное оборудование 
SDL350,SDL350, Испытательное оборудование 
SDL550,SDL550, Испытательное оборудование 
SDL600,SDL600, Испытательное оборудование 
SW810A,SW810A, Испытательное оборудование 
TL620,TL620, Испытательное оборудование 
TL740,TL740, Испытательное оборудование 
TL748,TL748, Испытательное оборудование 
TL806,TL806, Испытательное оборудование 
TL810,TL810, Испытательное оборудование 
TM100,TM100, Испытательное оборудование 
TM100-NIST,TM100-NIST, Испытательное оборудование 
TM20,TM20, Испытательное оборудование 
TP200,TP200, Испытательное оборудование 
TP832,TP832, Испытательное оборудование 
TP873,TP873, Испытательное оборудование 
TP875,TP875, Испытательное оборудование 
TP890,TP890, Испытательное оборудование 
VB300,VB300, Испытательное оборудование 
VB400,VB400, Испытательное оборудование 
VFM200,VFM200, Испытательное оборудование 
WTH600-KIT,WTH600-KIT, Испытательное оборудование 
CM174,CM174, Испытательное оборудование 
CM42,CM42, Испытательное оборудование 
CM44,CM44, Испытательное оборудование 
CM46,CM46, Испытательное оборудование 
CM78,CM78, Испытательное оборудование 
DM90,DM90, Испытательное оборудование 
DM93-NIST,DM93-NIST, Испытательное оборудование 
 FLIR C3 , FLIR C3 , Испытательное оборудование 
 FLIR E75-24-14 , FLIR E75-24-14 , Испытательное оборудование 
 FLIR E75-24-42 , FLIR E75-24-42 , Испытательное оборудование 
 FLIR E85-24-42 , FLIR E85-24-42 , Испытательное оборудование 
 FLIR E95-24-14 , FLIR E95-24-14 , Испытательное оборудование 
 FLIR ONE-iOS , FLIR ONE-iOS , Испытательное оборудование 
 FLIR One Pro for iOS , FLIR One Pro for iOS , Испытательное оборудование 
 FLIR T200 , FLIR T200 , Испытательное оборудование 
 FLIR T300 , FLIR T300 , Испытательное оборудование 
 FLIR T420BX , FLIR T420BX , Испытательное оборудование 
FLIRT440,FLIRT440, Испытательное оборудование 
 FLIR T620 , FLIR T620 , Испытательное оборудование 
 FLIR T620-25 , FLIR T620-25 , Испытательное оборудование 
 FLIR T640-25 , FLIR T640-25 , Испытательное оборудование 
IM75,IM75, Испытательное оборудование 
IM75-NIST,IM75-NIST, Испытательное оборудование 
IRW-2C,IRW-2C, Испытательное оборудование 
IRW-3C,IRW-3C, Испытательное оборудование 
MR01,MR01, Испытательное оборудование 
MR07,MR07, Испытательное оборудование 
MR176-Kit5,MR176-Kit5, Испытательное оборудование 
MR77-NISTL,MR77-NISTL, Испытательное оборудование 
T127648,T127648, Испытательное оборудование 
T198342,T198342, Испытательное оборудование 
T198348,T198348, Испытательное оборудование 
T198349,T198349, Испытательное оборудование 
T198392,T198392, Испытательное оборудование 
T911093,T911093, Испытательное оборудование 
TA10,TA10, Испытательное оборудование 
TA11,TA11, Испытательное оборудование 
TA50,TA50, Испытательное оборудование 
TA55,TA55, Испытательное оборудование 
TA80,TA80, Испытательное оборудование 
TG165,TG165, Испытательное оборудование 
TG54,TG54, Испытательное оборудование 
TG56,TG56, Испытательное оборудование 
VP50,VP50, Испытательное оборудование 
VS70-4,VS70-4, Испытательное оборудование 
VS70-6,VS70-6, Испытательное оборудование 
117-NIST-W_DATA,117-NIST-W_DATA, Испытательное оборудование 
1577,1577, Испытательное оборудование 
1587T,1587T, Испытательное оборудование 
2271A-N-BG200_2.5K,2271A-N-BG200_2.5K, Испытательное оборудование 
2271A-N-G20M,2271A-N-G20M, Испытательное оборудование 
2271A-N-G20M_G250K,2271A-N-G20M_G250K, Испытательное оборудование 
2271A-N-G20M_G2M,2271A-N-G20M_G2M, Испытательное оборудование 
2271A-N-G2M,2271A-N-G2M, Испытательное оборудование 
2271A-N-G2M_A100K,2271A-N-G2M_A100K, Испытательное оборудование 
2271A-N-G2M_BG100K,2271A-N-G2M_BG100K, Испытательное оборудование 
2271A-N-G2M_BG200K,2271A-N-G2M_BG200K, Испытательное оборудование 
2271A-N-G7M,2271A-N-G7M, Испытательное оборудование 
2271A-N-G7M_G700K,2271A-N-G7M_G700K, Испытательное оборудование 
2271A-NPT-HC20,2271A-NPT-HC20, Испытательное оборудование 
2271A-NPT-P3K,2271A-NPT-P3K, Испытательное оборудование 
233-NIST,233-NIST, Испытательное оборудование 
289_FVF-NIST,289_FVF-NIST, Испытательное оборудование 
3210-PR,3210-PR, Испытательное оборудование 
3PHVL-1730,3PHVL-1730, Испытательное оборудование 
700HPF-NPT,700HPF-NPT, Испытательное оборудование 
707EX,707EX, Испытательное оборудование 
7109A-P-156,7109A-P-156, Испытательное оборудование 
740670,740670, Испытательное оборудование 
80AK-A,80AK-A, Испытательное оборудование 
80I-110S,80I-110S, Испытательное оборудование 
80K-15,80K-15, Испытательное оборудование 
80K-15NIST,80K-15NIST, Испытательное оборудование 
80K-40,80K-40, Испытательное оборудование 
80K-40-NIST,80K-40-NIST, Испытательное оборудование 
80K-6-NIST,80K-6-NIST, Испытательное оборудование 
80K-6-NIST-DATA,80K-6-NIST-DATA, Испытательное оборудование 
80PJ-1,80PJ-1, Испытательное оборудование 
80PK-10,80PK-10, Испытательное оборудование 
80PK-18,80PK-18, Испытательное оборудование 
80PK-22,80PK-22, Испытательное оборудование 
80PK-22-NIST-W_DATA,80PK-22-NIST-W_DATA, Испытательное оборудование 
80PK-25,80PK-25, Испытательное оборудование 
80PK-26,80PK-26, Испытательное оборудование 
80PK-27,80PK-27, Испытательное оборудование 
80PK-3A,80PK-3A, Испытательное оборудование 
80PK-9,80PK-9, Испытательное оборудование 
80PK-EXT,80PK-EXT, Испытательное оборудование 
80PT-EXT,80PT-EXT, Испытательное оборудование 
80TK,80TK, Испытательное оборудование 
871202,871202, Испытательное оборудование 
8845A-NIST,8845A-NIST, Испытательное оборудование 
 8845A_SU 120V , 8845A_SU 120V , Испытательное оборудование 
 8846A_SU 120V , 8846A_SU 120V , Испытательное оборудование 
884X-ETH,884X-ETH, Испытательное оборудование 
884X-RTD,884X-RTD, Испытательное оборудование 
884X-SHORT,884X-SHORT, Испытательное оборудование 
AC120,AC120, Испытательное оборудование 
AC280,AC280, Испытательное оборудование 
AC87,AC87, Испытательное оборудование 
AC89,AC89, Испытательное оборудование 
AS190-R,AS190-R, Испытательное оборудование 
BB120,BB120, Испытательное оборудование 
BC500,BC500, Испытательное оборудование 
BE345,BE345, Испытательное оборудование 
 BE9005 120 , BE9005 120 , Испытательное оборудование 
BP1730-BATTERY,BP1730-BATTERY, Испытательное оборудование 
BP291,BP291, Испытательное оборудование 
BP980,BP980, Испытательное оборудование 
C1600,C1600, Испытательное оборудование 
C1740,C1740, Испытательное оборудование 
C195,C195, Испытательное оборудование 
C25,C25, Испытательное оборудование 
C280,C280, Испытательное оборудование 
C3004IND,C3004IND, Испытательное оборудование 
C700,C700, Испытательное оборудование 
C75,C75, Испытательное оборудование 
C789,C789, Испытательное оборудование 
CAMO-C25_FO,CAMO-C25_FO, Испытательное оборудование 
CAMO-C25_WD,CAMO-C25_WD, Испытательное оборудование 
CAMO-C25_WL,CAMO-C25_WL, Испытательное оборудование 
CS20MA,CS20MA, Испытательное оборудование 
CXT1000,CXT1000, Испытательное оборудование 
CXT170,CXT170, Испытательное оборудование 
CXT280,CXT280, Испытательное оборудование 
ES-162P3,ES-162P3, Испытательное оборудование 
ES-162P4,ES-162P4, Испытательное оборудование 
FLK2AC_90-1000V,FLK2AC_90-1000V, Испытательное оборудование 
 FLK-729 150G , FLK-729 150G , Испытательное оборудование 
 FLK-729 150G FC , FLK-729 150G FC , Испытательное оборудование 
 FLK-729 300G , FLK-729 300G , Испытательное оборудование 
R414411000,R414411000, Испытательное оборудование 
 FLK-A3000 FC , FLK-A3000 FC , Испытательное оборудование 
 FLK-A3001 FC , FLK-A3001 FC , Испытательное оборудование 
 FLK-A3002 FC , FLK-A3002 FC , Испытательное оборудование 
 FLK-Ti400 60HZ , FLK-Ti400 60HZ , Испытательное оборудование 
 FLK-TI450 60HZ , FLK-TI450 60HZ , Испытательное оборудование 
FLK-TI480PRO60HZ,FLK-TI480PRO60HZ, Испытательное оборудование 
 FLK-TIR 9HZ , FLK-TIR 9HZ , Испытательное оборудование 
 FLK-TIS10 9HZ , FLK-TIS10 9HZ , Испытательное оборудование 
 FLK-TIS20 9HZ , FLK-TIS20 9HZ , Испытательное оборудование 
 FLK-TIS40 9HZ , FLK-TIS40 9HZ , Испытательное оборудование 
 FLK-TIS55 30HZ , FLK-TIS55 30HZ , Испытательное оборудование 
FLK-TI-TRIPOD3,FLK-TI-TRIPOD3, Испытательное оборудование 
 FLK-TiX1000 30Hz , FLK-TiX1000 30Hz , Испытательное оборудование 
FLK-TIX580-9HZ,FLK-TIX580-9HZ, Испытательное оборудование 
 FLK-TiX640 60Hz , FLK-TiX640 60Hz , Испытательное оборудование 
 FLK-V3000 FC , FLK-V3000 FC , Испытательное оборудование 
 FLK-V3000 FC KIT , FLK-V3000 FC KIT , Испытательное оборудование 
 FLK-V3003 FC KIT , FLK-V3003 FC KIT , Испытательное оборудование 
FLK-VT04A,FLK-VT04A, Испытательное оборудование 
FLK-WIFI_BLE,FLK-WIFI_BLE, Испытательное оборудование 
FLUKE-113,FLUKE-113, Испытательное оборудование 
FLUKE-114,FLUKE-114, Испытательное оборудование 
 FLUKE-114-NIST W_O DATA , FLUKE-114-NIST W_O DATA , Испытательное оборудование 
FLUKE-115,FLUKE-115, Испытательное оборудование 
FLUKE-115-Z540-W_DATA,FLUKE-115-Z540-W_DATA, Испытательное оборудование 
FLUKE-117,FLUKE-117, Испытательное оборудование 
 FLUKE 123_003S , FLUKE 123_003S , Испытательное оборудование 
FLUKE-123B_NA,FLUKE-123B_NA, Испытательное оборудование 
FLUKE-124_003S,FLUKE-124_003S, Испытательное оборудование 
FLUKE-125B_NA_S,FLUKE-125B_NA_S, Испытательное оборудование 
FLUKE-1503,FLUKE-1503, Испытательное оборудование 
FLUKE-1507,FLUKE-1507, Испытательное оборудование 
Fluke-1730-Hanger,Fluke-1730-Hanger, Испытательное оборудование 
Fluke-1730-TL0.1M,Fluke-1730-TL0.1M, Испытательное оборудование 
FLUKE-1732_B,FLUKE-1732_B, Испытательное оборудование 
 FLUKE-175 ESFP , FLUKE-175 ESFP , Испытательное оборудование 
 FLUKE-177 Z540 W_DATA , FLUKE-177 Z540 W_DATA , Испытательное оборудование 
 FLUKE-179_EDA2 NIST W_O DATA , FLUKE-179_EDA2 NIST W_O DATA , Испытательное оборудование 
 FLUKE-179-NIST W_O DATA , FLUKE-179-NIST W_O DATA , Испытательное оборудование 
DMM-899,DMM-899, Испытательное оборудование 
FLUKE-190-062_AM_S,FLUKE-190-062_AM_S, Испытательное оборудование 
FLUKE-190-102_AM,FLUKE-190-102_AM, Испытательное оборудование 
FLUKE-190-102_AM_S,FLUKE-190-102_AM_S, Испытательное оборудование 
FLUKE-190-202_AM,FLUKE-190-202_AM, Испытательное оборудование 
FLUKE-190-204_AM,FLUKE-190-204_AM, Испытательное оборудование 
FLUKE-190-204_AM_S,FLUKE-190-204_AM_S, Испытательное оборудование 
 FLUKE 190-502_S , FLUKE 190-502_S , Испытательное оборудование 
FLUKE-190-504_AM_S,FLUKE-190-504_AM_S, Испытательное оборудование 
FLUKE-1AC-A1-II,FLUKE-1AC-A1-II, Испытательное оборудование 
FLUKE-1LAC-A-II,FLUKE-1LAC-A-II, Испытательное оборудование 
FLUKE-279FC_IFLEX,FLUKE-279FC_IFLEX, Испытательное оборудование 
FLUKE-281,FLUKE-281, Испытательное оборудование 
FLUKE-287_FVF-NIST,FLUKE-287_FVF-NIST, Испытательное оборудование 
FLUKE287_NIST,FLUKE287_NIST, Испытательное оборудование 
 FLUKE-289 NIST W_O DATA , FLUKE-289 NIST W_O DATA , Испытательное оборудование 
FLUKE-28-II,FLUKE-28-II, Испытательное оборудование 
FLUKE-324,FLUKE-324, Испытательное оборудование 
FLUKE-325,FLUKE-325, Испытательное оборудование 
FLUKE-373,FLUKE-373, Испытательное оборудование 
 FLUKE-375 FC , FLUKE-375 FC , Испытательное оборудование 
FLUKE-376,FLUKE-376, Испытательное оборудование 
 FLUKE-376 FC , FLUKE-376 FC , Испытательное оборудование 
FLUKE-381,FLUKE-381, Испытательное оборудование 
FLUKE-424D,FLUKE-424D, Испытательное оборудование 
FLUKE-434-II_BASIC,FLUKE-434-II_BASIC, Испытательное оборудование 
FLUKE-437-II,FLUKE-437-II, Испытательное оборудование 
 FLUKE-52-2 W_NIST CERT , FLUKE-52-2 W_NIST CERT , Испытательное оборудование 
 FLUKE-53-2 B 60HZ , FLUKE-53-2 B 60HZ , Испытательное оборудование 
FLUKE-561,FLUKE-561, Испытательное оборудование 
FLUKE-566,FLUKE-566, Испытательное оборудование 
 Fluke-568 EX_ETL , Fluke-568 EX_ETL , Испытательное оборудование 
FLUKE-572,FLUKE-572, Испытательное оборудование 
FLUKE-572-2,FLUKE-572-2, Испытательное оборудование 
FLUKE-62MAX,FLUKE-62MAX, Испытательное оборудование 
 Fluke 64 MAX , Fluke 64 MAX , Испытательное оборудование 
 FLUKE-66 NIST W_DATA , FLUKE-66 NIST W_DATA , Испытательное оборудование 
FLUKE-700BCA,FLUKE-700BCA, Испытательное оборудование 
FLUKE-700HTH-1,FLUKE-700HTH-1, Испытательное оборудование 
FLUKE-700P01EX,FLUKE-700P01EX, Испытательное оборудование 
FLUKE-700P04,FLUKE-700P04, Испытательное оборудование 
FLUKE-700P05,FLUKE-700P05, Испытательное оборудование 
FLUKE-700P06,FLUKE-700P06, Испытательное оборудование 
 FLUKE 700P07 , FLUKE 700P07 , Испытательное оборудование 
FLUKE-700P09,FLUKE-700P09, Испытательное оборудование 
FLUKE-700P09EX,FLUKE-700P09EX, Испытательное оборудование 
FLUKE-700P22,FLUKE-700P22, Испытательное оборудование 
FLUKE-700P27EX,FLUKE-700P27EX, Испытательное оборудование 
FLUKE-700P29EX,FLUKE-700P29EX, Испытательное оборудование 
FLUKE-700P30,FLUKE-700P30, Испытательное оборудование 
FLUKE-700PA3,FLUKE-700PA3, Испытательное оборудование 
FLUKE-700PA6,FLUKE-700PA6, Испытательное оборудование 
FLUKE-700PD2,FLUKE-700PD2, Испытательное оборудование 
FLUKE-700PTP-1,FLUKE-700PTP-1, Испытательное оборудование 
FLUKE-700PV4,FLUKE-700PV4, Испытательное оборудование 
FLUKE-700TC1,FLUKE-700TC1, Испытательное оборудование 
FLUKE-700TC2,FLUKE-700TC2, Испытательное оборудование 
FLUKE-705,FLUKE-705, Испытательное оборудование 
FLUKE-715,FLUKE-715, Испытательное оборудование 
 FLUKE-719 30G , FLUKE-719 30G , Испытательное оборудование 
FLUKE-725EX,FLUKE-725EX, Испытательное оборудование 
 FLUKE-725 US , FLUKE-725 US , Испытательное оборудование 
FLUKE-726,FLUKE-726, Испытательное оборудование 
 FLUKE-741B 120 , FLUKE-741B 120 , Испытательное оборудование 
 FLUKE-743B 120 , FLUKE-743B 120 , Испытательное оборудование 
FLUKE-750P08,FLUKE-750P08, Испытательное оборудование 
FLUKE-771,FLUKE-771, Испытательное оборудование 
FLUKE-773,FLUKE-773, Испытательное оборудование 
 FLUKE 77-4 , FLUKE 77-4 , Испытательное оборудование 
 FLUKE-77-4 Z540 W_DATA , FLUKE-77-4 Z540 W_DATA , Испытательное оборудование 
FLUKE-787B,FLUKE-787B, Испытательное оборудование 
FLUKE-789,FLUKE-789, Испытательное оборудование 
FLUKE-830,FLUKE-830, Испытательное оборудование 
FLUKE-830_SHIMS,FLUKE-830_SHIMS, Испытательное оборудование 
FLUKE-87-V,FLUKE-87-V, Испытательное оборудование 
 FLUKE-88-5_A KIT , FLUKE-88-5_A KIT , Испытательное оборудование 
FLUKE-902-FC,FLUKE-902-FC, Испытательное оборудование 
FLUKE-9040,FLUKE-9040, Испытательное оборудование 
FLUKE-922,FLUKE-922, Испытательное оборудование 
FLUKE-922_KIT,FLUKE-922_KIT, Испытательное оборудование 
FLUKE-975V,FLUKE-975V, Испытательное оборудование 
FLUKE-A3003FC,FLUKE-A3003FC, Испытательное оборудование 
FLUKE-CO-205,FLUKE-CO-205, Испытательное оборудование 
FLUKE-IR3000FC1550,FLUKE-IR3000FC1550, Испытательное оборудование 
FLUKE-LDR,FLUKE-LDR, Испытательное оборудование 
 FLUKE T+PRO , FLUKE T+PRO , Испытательное оборудование 
 FLUKE T+PRO-1AC KIT , FLUKE T+PRO-1AC KIT , Испытательное оборудование 
 FLUKE T5-600 USA , FLUKE T5-600 USA , Испытательное оборудование 
FOS-850,FOS-850, Испытательное оборудование 
FOS-850_1300,FOS-850_1300, Испытательное оборудование 
FTP-1,FTP-1, Испытательное оборудование 
FTPL-1,FTPL-1, Испытательное оборудование 
FVF-SC3,FVF-SC3, Испытательное оборудование 
FVF-SC5,FVF-SC5, Испытательное оборудование 
FVF-UG,FVF-UG, Испытательное оборудование 
HC120,HC120, Испытательное оборудование 
HC120-II,HC120-II, Испытательное оборудование 
HC200,HC200, Испытательное оборудование 
i1730-flex3000,i1730-flex3000, Испытательное оборудование 
i1730-flex6000_3PK,i1730-flex6000_3PK, Испытательное оборудование 
I17XX-FLEX1500_3PK,I17XX-FLEX1500_3PK, Испытательное оборудование 
I2000-FLEX,I2000-FLEX, Испытательное оборудование 
I310S,I310S, Испытательное оборудование 
i40s-EL,i40s-EL, Испытательное оборудование 
I410,I410, Испытательное оборудование 
 I6000S FLEX-24 , I6000S FLEX-24 , Испытательное оборудование 
L207,L207, Испытательное оборудование 
L210,L210, Испытательное оборудование 
L211,L211, Испытательное оборудование 
L215,L215, Испытательное оборудование 
LeadWrap,LeadWrap, Испытательное оборудование 
MA190,MA190, Испытательное оборудование 
MC50,MC50, Испытательное оборудование 
MC6,MC6, Испытательное оборудование 
NCV-1030,NCV-1030, Испытательное оборудование 
PM8907_808,PM8907_808, Испытательное оборудование 
PM9093_001,PM9093_001, Испытательное оборудование 
PM9096_201,PM9096_201, Испытательное оборудование 
PT12,PT12, Испытательное оборудование 
RPM80,RPM80, Испытательное оборудование 
RS500,RS500, Испытательное оборудование 
SCC120E,SCC120E, Испытательное оборудование 
 SCC 128 , SCC 128 , Испытательное оборудование 
SCC190EFG,SCC190EFG, Испытательное оборудование 
STL120-III,STL120-III, Испытательное оборудование 
STL120-IV,STL120-IV, Испытательное оборудование 
 T5-1000 USA , T5-1000 USA , Испытательное оборудование 
 T5-H5-1AC KIT_US , T5-H5-1AC KIT_US , Испытательное оборудование 
T5-RLS,T5-RLS, Испытательное оборудование 
T6-1000,T6-1000, Испытательное оборудование 
T6-600_62MAX+_1AC,T6-600_62MAX+_1AC, Испытательное оборудование 
 T6-600_C33 EDU , T6-600_C33 EDU , Испытательное оборудование 
 T6-HT6-1AC KIT , T6-HT6-1AC KIT , Испытательное оборудование 
TI55FT-10_20_54,TI55FT-10_20_54, Испытательное оборудование 
TL165X,TL165X, Испытательное оборудование 
TL175,TL175, Испытательное оборудование 
TL175E,TL175E, Испытательное оборудование 
TL221,TL221, Испытательное оборудование 
TL223,TL223, Испытательное оборудование 
TL224,TL224, Испытательное оборудование 
TL238,TL238, Испытательное оборудование 
TL27,TL27, Испытательное оборудование 
TL40,TL40, Испытательное оборудование 
TL71,TL71, Испытательное оборудование 
TL75,TL75, Испытательное оборудование 
TL76,TL76, Испытательное оборудование 
TL80A,TL80A, Испытательное оборудование 
TL81A,TL81A, Испытательное оборудование 
TL910,TL910, Испытательное оборудование 
TL932,TL932, Испытательное оборудование 
TL970,TL970, Испытательное оборудование 
TLK289,TLK289, Испытательное оборудование 
TLK291,TLK291, Испытательное оборудование 
TP165X,TP165X, Испытательное оборудование 
TP175,TP175, Испытательное оборудование 
TP80,TP80, Испытательное оборудование 
TP81,TP81, Испытательное оборудование 
TP82,TP82, Испытательное оборудование 
TP920,TP920, Испытательное оборудование 
VPS212-R,VPS212-R, Испытательное оборудование 
VPS220-R,VPS220-R, Испытательное оборудование 
VPS410-B,VPS410-B, Испытательное оборудование 
VPS410-II-R,VPS410-II-R, Испытательное оборудование 
VPS410-II-V,VPS410-II-V, Испытательное оборудование 
VPS420-B,VPS420-B, Испытательное оборудование 
VPS420-G,VPS420-G, Испытательное оборудование 
VPS420-R,VPS420-R, Испытательное оборудование 
VPS420-V,VPS420-V, Испытательное оборудование 
 VPS 510-V , VPS 510-V , Испытательное оборудование 
Y8846D,Y8846D, Испытательное оборудование 
1302B,1302B, Испытательное оборудование 
1302B-NIST,1302B-NIST, Испытательное оборудование 
1403,1403, Испытательное оборудование 
GSA-3185,GSA-3185, Испытательное оборудование 
GSA-3376A,GSA-3376A, Испытательное оборудование 
GSA-3736,GSA-3736, Испытательное оборудование 
GSA-3743,GSA-3743, Испытательное оборудование 
LCR-58,LCR-58, Испытательное оборудование 
PRO-50A,PRO-50A, Испытательное оборудование 
RDB-10,RDB-10, Испытательное оборудование 
 29-100 WHT , 29-100 WHT , Испытательное оборудование 
 29-101 BLK , 29-101 BLK , Испытательное оборудование 
 29-101 RED , 29-101 RED , Испытательное оборудование 
 29-101 WHT , 29-101 WHT , Испытательное оборудование 
 29-1 BLK , 29-1 BLK , Испытательное оборудование 
 29-3 RED , 29-3 RED , Испытательное оборудование 
560XL-EMI,560XL-EMI, Испытательное оборудование 
580XL-ST,580XL-ST, Испытательное оборудование 
CLM-1000,CLM-1000, Испытательное оборудование 
GT-95,GT-95, Испытательное оборудование 
NC-100,NC-100, Испытательное оборудование 
TK-30A,TK-30A, Испытательное оборудование 
TK-30AGFI,TK-30AGFI, Испытательное оборудование 
1581C6IEC,1581C6IEC, Испытательное оборудование 
1581C6NA,1581C6NA, Испытательное оборудование 
1581C6NA250,1581C6NA250, Испытательное оборудование 
M3498-94,M3498-94, Испытательное оборудование 
M3498-98,M3498-98, Испытательное оборудование 
P13-0123,P13-0123, Испытательное оборудование 
P13-1123,P13-1123, Испытательное оборудование 
P13-2123,P13-2123, Испытательное оборудование 
P19-0121,P19-0121, Испытательное оборудование 
P19-4021,P19-4021, Испытательное оборудование 
P20-0445R,P20-0445R, Испытательное оборудование 
P25-0321,P25-0321, Испытательное оборудование 
P25-0822,P25-0822, Испытательное оборудование 
P25-1223,P25-1223, Испытательное оборудование 
P25-3226,P25-3226, Испытательное оборудование 
P25-4026,P25-4026, Испытательное оборудование 
S13-503,S13-503, Испытательное оборудование 
S19-501,S19-501, Испытательное оборудование 
S25-022,S25-022, Испытательное оборудование 
S25-501,S25-501, Испытательное оборудование 
S70-125161545R,S70-125161545R, Испытательное оборудование 
S8000,S8000, Испытательное оборудование 
S8004,S8004, Испытательное оборудование 
S8006,S8006, Испытательное оборудование 
S8008,S8008, Испытательное оборудование 
S8020,S8020, Испытательное оборудование 
S8022,S8022, Испытательное оборудование 
S8030,S8030, Испытательное оборудование 
S8032,S8032, Испытательное оборудование 
AT-120V,AT-120V, Испытательное оборудование 
HMUA-TM-P2(60),HMUA-TM-P2(60), Испытательное оборудование 
HMU-PJAT1K-A00R1(21),HMU-PJAT1K-A00R1(21), Испытательное оборудование 
R414413000,R414413000, Испытательное оборудование 
HMU-PJAT1K-A01R-MUASA(20),HMU-PJAT1K-A01R-MUASA(20), Испытательное оборудование 
HMU-PJAT1K-A03R1(20),HMU-PJAT1K-A03R1(20), Испытательное оборудование 
HMU-PJAT1K-A03R-MUASA(20),HMU-PJAT1K-A03R-MUASA(20), Испытательное оборудование 
HMU-PJAT1K-A07R1(20),HMU-PJAT1K-A07R1(20), Испытательное оборудование 
HMU-PJAT1K-A08R1(20),HMU-PJAT1K-A08R1(20), Испытательное оборудование 
HMU-PJAT1K-A15R-MUASA(20),HMU-PJAT1K-A15R-MUASA(20), Испытательное оборудование 
HMU-PJAT1K-A20R-MUASA(20),HMU-PJAT1K-A20R-MUASA(20), Испытательное оборудование 
82000-11,82000-11, Испытательное оборудование 
82031-56,82031-56, Испытательное оборудование 
82041-64,82041-64, Испытательное оборудование 
82051-34,82051-34, Испытательное оборудование 
82322-11,82322-11, Испытательное оборудование 
82334-56,82334-56, Испытательное оборудование 
85000-31,85000-31, Испытательное оборудование 
85001-01,85001-01, Испытательное оборудование 
85003-03,85003-03, Испытательное оборудование 
85004-22,85004-22, Испытательное оборудование 
85005-22,85005-22, Испытательное оборудование 
85005-25,85005-25, Испытательное оборудование 
85006-04,85006-04, Испытательное оборудование 
85025-22,85025-22, Испытательное оборудование 
85031-02,85031-02, Испытательное оборудование 
85031-18,85031-18, Испытательное оборудование 
85048-15,85048-15, Испытательное оборудование 
85066-03,85066-03, Испытательное оборудование 
85094-11,85094-11, Испытательное оборудование 
85094-14,85094-14, Испытательное оборудование 
85094-19,85094-19, Испытательное оборудование 
85094-44,85094-44, Испытательное оборудование 
85097-01,85097-01, Испытательное оборудование 
85097-45,85097-45, Испытательное оборудование 
85098-04,85098-04, Испытательное оборудование 
85098-43,85098-43, Испытательное оборудование 
85099-04,85099-04, Испытательное оборудование 
85100-11,85100-11, Испытательное оборудование 
85101-34,85101-34, Испытательное оборудование 
85122-04,85122-04, Испытательное оборудование 
85126-04,85126-04, Испытательное оборудование 
85127-11,85127-11, Испытательное оборудование 
85144-01,85144-01, Испытательное оборудование 
85146-01,85146-01, Испытательное оборудование 
85221-11,85221-11, Испытательное оборудование 
85244-19,85244-19, Испытательное оборудование 
85244-42,85244-42, Испытательное оборудование 
85245-79,85245-79, Испытательное оборудование 
85325-02,85325-02, Испытательное оборудование 
85325-42,85325-42, Испытательное оборудование 
85329-04,85329-04, Испытательное оборудование 
LM-CS3CS-N13,LM-CS3CS-N13, Испытательное оборудование 
LM-HS3AS-H11,LM-HS3AS-H11, Испытательное оборудование 
85094-12,85094-12, Испытательное оборудование 
85097-02,85097-02, Испытательное оборудование 
85100-12,85100-12, Испытательное оборудование 
6810.19.A,6810.19.A, Испытательное оборудование 
1433-01,1433-01, Испытательное оборудование 
1433-04,1433-04, Испытательное оборудование 
1433-08,1433-08, Испытательное оборудование 
1433-14,1433-14, Испытательное оборудование 
1433-18A,1433-18A, Испытательное оборудование 
1433-24,1433-24, Испытательное оборудование 
1433-26,1433-26, Испытательное оборудование 
1433-27,1433-27, Испытательное оборудование 
1433-31,1433-31, Испытательное оборудование 
1433-33,1433-33, Испытательное оборудование 
1433-36,1433-36, Испытательное оборудование 
1433-39A,1433-39A, Испытательное оборудование 
1433-39B,1433-39B, Испытательное оборудование 
1433-40,1433-40, Испытательное оборудование 
1433-40A,1433-40A, Испытательное оборудование 
1538-9601,1538-9601, Испытательное оборудование 
1864-9700,1864-9700, Испытательное оборудование 
CS-301L,CS-301L, Испытательное оборудование 
RS-200-2W,RS-200-2W, Испытательное оборудование 
RS-200-SC,RS-200-SC, Испытательное оборудование 
RS-200W,RS-200W, Испытательное оборудование 
RS-201,RS-201, Испытательное оборудование 
RS-201W,RS-201W, Испытательное оборудование 
2013-3019-00,2013-3019-00, Испытательное оборудование 
BL-176101,BL-176101, Испытательное оборудование 
BL-176102,BL-176102, Испытательное оборудование 
BL-430301-01,BL-430301-01, Испытательное оборудование 
BL-53160203,BL-53160203, Испытательное оборудование 
016-0104-002,016-0104-002, Испытательное оборудование 
105-0203-200,105-0203-200, Испытательное оборудование 
105-0210-200,105-0210-200, Испытательное оборудование 
105-0251-001,105-0251-001, Испытательное оборудование 
105-0253-001,105-0253-001, Испытательное оборудование 
105-0301-001,105-0301-001, Испытательное оборудование 
105-0302-001,105-0302-001, Испытательное оборудование 
105-0307-001,105-0307-001, Испытательное оборудование 
105-0310-001,105-0310-001, Испытательное оборудование 
105-0601-001,105-0601-001, Испытательное оборудование 
105-0604-001,105-0604-001, Испытательное оборудование 
105-0607-001,105-0607-001, Испытательное оборудование 
105-0610-001,105-0610-001, Испытательное оборудование 
105-0701-001,105-0701-001, Испытательное оборудование 
105-0702-001,105-0702-001, Испытательное оборудование 
105-0703-001,105-0703-001, Испытательное оборудование 
105-0753-150,105-0753-150, Испытательное оборудование 
105-0756-001,105-0756-001, Испытательное оборудование 
105-0772-001,105-0772-001, Испытательное оборудование 
105-0774-001,105-0774-001, Испытательное оборудование 
105-0777-001,105-0777-001, Испытательное оборудование 
105-0802-001,105-0802-001, Испытательное оборудование 
105-0807-001,105-0807-001, Испытательное оборудование 
105-0810-001,105-0810-001, Испытательное оборудование 
105-0851-001,105-0851-001, Испытательное оборудование 
105-0852-001,105-0852-001, Испытательное оборудование 
105-0856-001,105-0856-001, Испытательное оборудование 
105-0857-001,105-0857-001, Испытательное оборудование 
105-0858-001,105-0858-001, Испытательное оборудование 
105-0860-001,105-0860-001, Испытательное оборудование 
105-1041-001,105-1041-001, Испытательное оборудование 
105-1043-001,105-1043-001, Испытательное оборудование 
105-1047-001,105-1047-001, Испытательное оборудование 
105-1050-001,105-1050-001, Испытательное оборудование 
105-1102-001,105-1102-001, Испытательное оборудование 
105-1104-001,105-1104-001, Испытательное оборудование 
105-1110-001,105-1110-001, Испытательное оборудование 
105-1112-001,105-1112-001, Испытательное оборудование 
105-1302-002,105-1302-002, Испытательное оборудование 
R414420000,R414420000, Испытательное оборудование 
105-1303-002,105-1303-002, Испытательное оборудование 
105-1304-002,105-1304-002, Испытательное оборудование 
105-1307-002,105-1307-002, Испытательное оборудование 
105-1310-002,105-1310-002, Испытательное оборудование 
105-2202-101,105-2202-101, Испытательное оборудование 
105-2202-105,105-2202-105, Испытательное оборудование 
105-2203-201,105-2203-201, Испытательное оборудование 
105-2204-201,105-2204-201, Испытательное оборудование 
108-0302-001,108-0302-001, Испытательное оборудование 
108-0306-001,108-0306-001, Испытательное оборудование 
108-0307-001,108-0307-001, Испытательное оборудование 
108-0308-001,108-0308-001, Испытательное оборудование 
108-0310-001,108-0310-001, Испытательное оборудование 
108-0312-001,108-0312-001, Испытательное оборудование 
108-0313-001,108-0313-001, Испытательное оборудование 
108-0750-002,108-0750-002, Испытательное оборудование 
108-0752-001,108-0752-001, Испытательное оборудование 
108-0753-001,108-0753-001, Испытательное оборудование 
108-0901-001,108-0901-001, Испытательное оборудование 
108-0902-001,108-0902-001, Испытательное оборудование 
108-0903-001,108-0903-001, Испытательное оборудование 
108-0904-001,108-0904-001, Испытательное оборудование 
108-0906-001,108-0906-001, Испытательное оборудование 
108-0907-001,108-0907-001, Испытательное оборудование 
108-0910-001,108-0910-001, Испытательное оборудование 
108-1002-001,108-1002-001, Испытательное оборудование 
108-1003-001,108-1003-001, Испытательное оборудование 
108-1081-001,108-1081-001, Испытательное оборудование 
108-1087-001,108-1087-001, Испытательное оборудование 
108-1102-001,108-1102-001, Испытательное оборудование 
108-1703-101,108-1703-101, Испытательное оборудование 
108-1722-103,108-1722-103, Испытательное оборудование 
108-1723-101,108-1723-101, Испытательное оборудование 
108-1723-103,108-1723-103, Испытательное оборудование 
108-1762-101,108-1762-101, Испытательное оборудование 
108-1763-101,108-1763-101, Испытательное оборудование 
108-2300-501,108-2300-501, Испытательное оборудование 
108-2301-801,108-2301-801, Испытательное оборудование 
108-2302-621,108-2302-621, Испытательное оборудование 
108-2303-621,108-2303-621, Испытательное оборудование 
108-2310-801,108-2310-801, Испытательное оборудование 
R414430000,R414430000, Испытательное оборудование 
111-0101-001,111-0101-001, Испытательное оборудование 
111-0110-001,111-0110-001, Испытательное оборудование 
111-0702-001,111-0702-001, Испытательное оборудование 
111-2223-001,111-2223-001, Испытательное оборудование 
129-0701-301,129-0701-301, Испытательное оборудование 
129-0701-302,129-0701-302, Испытательное оборудование 
141-3901-802,141-3901-802, Испытательное оборудование 
CM-8,CM-8, Испытательное оборудование 
MCT-468,MCT-468, Испытательное оборудование 
1681,1681, Испытательное оборудование 
2000-20,2000-20, Испытательное оборудование 
2000-SCAN-20,2000-SCAN-20, Испытательное оборудование 
2100_120,2100_120, Испытательное оборудование 
2110-120,2110-120, Испытательное оборудование 
2110-120-GPIB,2110-120-GPIB, Испытательное оборудование 
2188,2188, Испытательное оборудование 
2200-60-2,2200-60-2, Испытательное оборудование 
2260-004,2260-004, Испытательное оборудование 
2260-010,2260-010, Испытательное оборудование 
2260B-250-9,2260B-250-9, Испытательное оборудование 
2260B-80-40,2260B-80-40, Испытательное оборудование 
2260B-GPIB-USB,2260B-GPIB-USB, Испытательное оборудование 
2290-5,2290-5, Испытательное оборудование 
2290J-5,2290J-5, Испытательное оборудование 
237-ALG-2,237-ALG-2, Испытательное оборудование 
2400,2400, Испытательное оборудование 
2450,2450, Испытательное оборудование 
2450-EC,2450-EC, Испытательное оборудование 
2460-NFP,2460-NFP, Испытательное оборудование 
2461-NFP-RACK,2461-NFP-RACK, Испытательное оборудование 
2600-BAN,2600-BAN, Испытательное оборудование 
2600-TRIAX,2600-TRIAX, Испытательное оборудование 
2611B,2611B, Испытательное оборудование 
2612B,2612B, Испытательное оборудование 
2634B,2634B, Испытательное оборудование 
2651A,2651A, Испытательное оборудование 
2750,2750, Испытательное оборудование 
2790-HH_J,2790-HH_J, Испытательное оборудование 
3706-TLK,3706-TLK, Испытательное оборудование 
3740-ST,3740-ST, Испытательное оборудование 
5805,5805, Испытательное оборудование 
5805-12,5805-12, Испытательное оборудование 
5806,5806, Испытательное оборудование 
6430,6430, Испытательное оборудование 
6485,6485, Испытательное оборудование 
6517-TP,6517-TP, Испытательное оборудование 
708B,708B, Испытательное оборудование 
7700,7700, Испытательное оборудование 
7705,7705, Испытательное оборудование 
7706,7706, Испытательное оборудование 
7707,7707, Испытательное оборудование 
7709,7709, Испытательное оборудование 
7710,7710, Испытательное оборудование 
DMM7510-NFP,DMM7510-NFP, Испытательное оборудование 
10073D,10073D, Испытательное оборудование 
10074D,10074D, Испытательное оборудование 
10076C,10076C, Испытательное оборудование 
1CM002A,1CM002A, Испытательное оборудование 
34138A,34138A, Испытательное оборудование 
34190A,34190A, Испытательное оборудование 
34193A,34193A, Испытательное оборудование 
34330A,34330A, Испытательное оборудование 
34398A,34398A, Испытательное оборудование 
34450A_120_903,34450A_120_903, Испытательное оборудование 
34450A_240_900_PLG,34450A_240_900_PLG, Испытательное оборудование 
34460A_120_903,34460A_120_903, Испытательное оборудование 
34460A_240_900_PLG,34460A_240_900_PLG, Испытательное оборудование 
3446GPBU,3446GPBU, Испытательное оборудование 
34470A_120_C13SPWR-903,34470A_120_C13SPWR-903, Испытательное оборудование 
34470A_240_C13SPWR-900_C13SPWR-PLG,34470A_240_C13SPWR-900_C13SPWR-PLG, Испытательное оборудование 
34902A,34902A, Испытательное оборудование 
34903A,34903A, Испытательное оборудование 
34904A,34904A, Испытательное оборудование 
34907A,34907A, Испытательное оборудование 
34970A_240_900_PLG,34970A_240_900_PLG, Испытательное оборудование 
53210A_903,53210A_903, Испытательное оборудование 
DSOX1102A_C13APWR-903,DSOX1102A_C13APWR-903, Испытательное оборудование 
E36102A_0EM_903,E36102A_0EM_903, Испытательное оборудование 
E36103A_0EM_903,E36103A_0EM_903, Испытательное оборудование 
E36104A_0EM_903,E36104A_0EM_903, Испытательное оборудование 
E36106A_0EM_903,E36106A_0EM_903, Испытательное оборудование 
E36311A_0E3_900_PLG,E36311A_0E3_900_PLG, Испытательное оборудование 
E36312A_0E3_900_PLG,E36312A_0E3_900_PLG, Испытательное оборудование 
E36313A_0E3_900_PLG,E36313A_0E3_900_PLG, Испытательное оборудование 
E36313A_0EM_903,E36313A_0EM_903, Испытательное оборудование 
EDUX1002A_C13APWR-903,EDUX1002A_C13APWR-903, Испытательное оборудование 
EDUX1002G_C13APWR-903,EDUX1002G_C13APWR-903, Испытательное оборудование 
N2140A,N2140A, Испытательное оборудование 
N2783B,N2783B, Испытательное оборудование 
N2791A,N2791A, Испытательное оборудование 
N2856A,N2856A, Испытательное оборудование 
N2857A,N2857A, Испытательное оборудование 
N2858A,N2858A, Испытательное оборудование 
N4829A,N4829A, Испытательное оборудование 
N5745A_903,N5745A_903, Испытательное оборудование 
N6701C_903,N6701C_903, Испытательное оборудование 
N7007A,N7007A, Испытательное оборудование 
N8737A_230_831,N8737A_230_831, Испытательное оборудование 
U1162A,U1162A, Испытательное оборудование 
U1169A,U1169A, Испытательное оборудование 
U1173B,U1173B, Испытательное оборудование 
U1174A,U1174A, Испытательное оборудование 
U1184A,U1184A, Испытательное оборудование 
U1185A,U1185A, Испытательное оборудование 
U1186A,U1186A, Испытательное оборудование 
U1194A,U1194A, Испытательное оборудование 
U1231A,U1231A, Испытательное оборудование 
U1232A,U1232A, Испытательное оборудование 
U1233A,U1233A, Испытательное оборудование 
U1241C,U1241C, Испытательное оборудование 
U1242C,U1242C, Испытательное оборудование 
U1251B,U1251B, Испытательное оборудование 
U1253B_900_PLG,U1253B_900_PLG, Испытательное оборудование 
U1253B_903,U1253B_903, Испытательное оборудование 
U1271A,U1271A, Испытательное оборудование 
U1273AX,U1273AX, Испытательное оборудование 
U1281A,U1281A, Испытательное оборудование 
U1731C,U1731C, Испытательное оборудование 
U1781A,U1781A, Испытательное оборудование 
U3606B_903,U3606B_903, Испытательное оборудование 
U5481B,U5481B, Испытательное оборудование 
U8001A_0EM_903,U8001A_0EM_903, Испытательное оборудование 
U8201A,U8201A, Испытательное оборудование 
1359-2,1359-2, Испытательное оборудование 
1362-2,1362-2, Испытательное оборудование 
1405-1,1405-1, Испытательное оборудование 
1407-1,1407-1, Испытательное оборудование 
1408-1,1408-1, Испытательное оборудование 
1424-1,1424-1, Испытательное оборудование 
1428-2,1428-2, Испытательное оборудование 
1432-3,1432-3, Испытательное оборудование 
1461R,1461R, Испытательное оборудование 
1535,1535, Испытательное оборудование 
1989-2,1989-2, Испытательное оборудование 
1991-2,1991-2, Испытательное оборудование 
4091,4091, Испытательное оборудование 
4092,4092, Испытательное оборудование 
4096,4096, Испытательное оборудование 
4097,4097, Испытательное оборудование 
4108,4108, Испытательное оборудование 
4170,4170, Испытательное оборудование 
5033,5033, Испытательное оборудование 
5036,5036, Испытательное оборудование 
5037,5037, Испытательное оборудование 
5040,5040, Испытательное оборудование 
5044,5044, Испытательное оборудование 
5045,5045, Испытательное оборудование 
575-6,575-6, Испытательное оборудование 
6000,6000, Испытательное оборудование 
6008,6008, Испытательное оборудование 
6012,6012, Испытательное оборудование 
6014,6014, Испытательное оборудование 
6015,6015, Испытательное оборудование 
6020,6020, Испытательное оборудование 
6021,6021, Испытательное оборудование 
6022,6022, Испытательное оборудование 
6028,6028, Испытательное оборудование 
6029,6029, Испытательное оборудование 
6033,6033, Испытательное оборудование 
6034,6034, Испытательное оборудование 
6036,6036, Испытательное оборудование 
6042,6042, Испытательное оборудование 
6043,6043, Испытательное оборудование 
6044,6044, Испытательное оборудование 
6046,6046, Испытательное оборудование 
6047,6047, Испытательное оборудование 
6049,6049, Испытательное оборудование 
6054,6054, Испытательное оборудование 
6060,6060, Испытательное оборудование 
6061,6061, Испытательное оборудование 
6073,6073, Испытательное оборудование 
6075,6075, Испытательное оборудование 
6079,6079, Испытательное оборудование 
6090,6090, Испытательное оборудование 
6092,6092, Испытательное оборудование 
652,652, Испытательное оборудование 
658,658, Испытательное оборудование 
7018,7018, Испытательное оборудование 
8737,8737, Испытательное оборудование 
13AC008,13AC008, Испытательное оборудование 
13AC009,13AC009, Испытательное оборудование 
13AC120,13AC120, Испытательное оборудование 
13AC130,13AC130, Испытательное оборудование 
13AC132,13AC132, Испытательное оборудование 
13IC307,13IC307, Испытательное оборудование 
173-0602-E,173-0602-E, Испытательное оборудование 
173-0603-E,173-0603-E, Испытательное оборудование 
173-11112-E,173-11112-E, Испытательное оборудование 
173-11113-E,173-11113-E, Испытательное оборудование 
173-21102-E,173-21102-E, Испытательное оборудование 
173-21103-E,173-21103-E, Испытательное оборудование 
173-21113-E,173-21113-E, Испытательное оборудование 
173-33121-E,173-33121-E, Испытательное оборудование 
173-53100-E,173-53100-E, Испытательное оборудование 
173-53103-E,173-53103-E, Испытательное оборудование 
173-53121-E,173-53121-E, Испытательное оборудование 
173-6004-E,173-6004-E, Испытательное оборудование 
173-63102-E,173-63102-E, Испытательное оборудование 
173-63121-E,173-63121-E, Испытательное оборудование 
173-63122-E,173-63122-E, Испытательное оборудование 
173-7001-E,173-7001-E, Испытательное оборудование 
173-73102-E,173-73102-E, Испытательное оборудование 
173-73103-E,173-73103-E, Испытательное оборудование 
173-78101-E,173-78101-E, Испытательное оборудование 
OTX-ACC-KIT-HH-BLK,OTX-ACC-KIT-HH-BLK, Испытательное оборудование 
OTX-ACC-RTR-32-LD,OTX-ACC-RTR-32-LD, Испытательное оборудование 
P0700-409,P0700-409, Испытательное оборудование 
SE-330-00-00,SE-330-00-00, Испытательное оборудование 
SE-330-00-10,SE-330-00-10, Испытательное оборудование 
SE-330-01-10,SE-330-01-10, Испытательное оборудование 
SE-330-03-01,SE-330-03-01, Испытательное оборудование 
SE-330-03-10,SE-330-03-10, Испытательное оборудование 
SE-330-03-11,SE-330-03-11, Испытательное оборудование 
SE-330-05-00,SE-330-05-00, Испытательное оборудование 
SE-330-06-00,SE-330-06-00, Испытательное оборудование 
SE-330-06-01,SE-330-06-01, Испытательное оборудование 
SE-330-07-00,SE-330-07-00, Испытательное оборудование 
SE-330-08-01,SE-330-08-01, Испытательное оборудование 
SE-330-20-00,SE-330-20-00, Испытательное оборудование 
SE-330-20-01,SE-330-20-01, Испытательное оборудование 
SE-330-20-11,SE-330-20-11, Испытательное оборудование 
SE-330-21-00,SE-330-21-00, Испытательное оборудование 
SE-330-21-10,SE-330-21-10, Испытательное оборудование 
SE-330-22-01,SE-330-22-01, Испытательное оборудование 
SE-330-22-10,SE-330-22-10, Испытательное оборудование 
SE-330-22-11,SE-330-22-11, Испытательное оборудование 
SE-330-23-01,SE-330-23-01, Испытательное оборудование 
SE-330-23-10,SE-330-23-10, Испытательное оборудование 
SE-330-23-11,SE-330-23-11, Испытательное оборудование 
SE-330-24-01,SE-330-24-01, Испытательное оборудование 
SE-330-25-00,SE-330-25-00, Испытательное оборудование 
SE-330-25-01,SE-330-25-01, Испытательное оборудование 
SE-330-26-00,SE-330-26-00, Испытательное оборудование 
SE-330-27-00,SE-330-27-00, Испытательное оборудование 
SE-330-27-01,SE-330-27-01, Испытательное оборудование 
SE-330-28-00,SE-330-28-00, Испытательное оборудование 
SE-330-28-01,SE-330-28-01, Испытательное оборудование 
SE-330HV-24-00,SE-330HV-24-00, Испытательное оборудование 
SE-330HV-24-01,SE-330HV-24-01, Испытательное оборудование 
SE-330HV-25-00,SE-330HV-25-00, Испытательное оборудование 
SE-330HV-25-01,SE-330HV-25-01, Испытательное оборудование 
SE-330HV-26-00,SE-330HV-26-00, Испытательное оборудование 
SE-330HV-26-01,SE-330HV-26-01, Испытательное оборудование 
SE-330HV-27-00,SE-330HV-27-00, Испытательное оборудование 
SE-330HV-27-01,SE-330HV-27-01, Испытательное оборудование 
SE-330HV-28-00,SE-330HV-28-00, Испытательное оборудование 
ESC-120-13.5,ESC-120-13.5, Испытательное оборудование 
ESP-120-13.5,ESP-120-13.5, Испытательное оборудование 
46451,46451, Испытательное оборудование 
35100,35100, Испытательное оборудование 
35130,35130, Испытательное оборудование 
35140,35140, Испытательное оборудование 
LOG-0002-025G-DC-8GB-AL,LOG-0002-025G-DC-8GB-AL, Испытательное оборудование 
LOG-0002-02KG-DC-2GB-AL,LOG-0002-02KG-DC-2GB-AL, Испытательное оборудование 
LOG-0002-500G-DC-2GB-PC,LOG-0002-500G-DC-2GB-PC, Испытательное оборудование 
LOG-0002-500G-DC-8GB-PC,LOG-0002-500G-DC-8GB-PC, Испытательное оборудование 
ATS-3551-18-NNN-02,ATS-3551-18-NNN-02, Испытательное оборудование 
ATS-3552-18-7MM-02,ATS-3552-18-7MM-02, Испытательное оборудование 
ATT-0106-03-QMA-32,ATT-0106-03-QMA-32, Испытательное оборудование 
ATT-0205-03-SMA-02,ATT-0205-03-SMA-02, Испытательное оборудование 
ATT-0205-04-SMA-02,ATT-0205-04-SMA-02, Испытательное оборудование 
ATT-0205-05-SMA-02,ATT-0205-05-SMA-02, Испытательное оборудование 
ATT-0205-09-SMA-02,ATT-0205-09-SMA-02, Испытательное оборудование 
ATT-0205-15-SMA-02,ATT-0205-15-SMA-02, Испытательное оборудование 
ATT-0205-30-SMA-02,ATT-0205-30-SMA-02, Испытательное оборудование 
ATT-0218-01-NNN-02,ATT-0218-01-NNN-02, Испытательное оборудование 
ATT-0218-04-NNN-02,ATT-0218-04-NNN-02, Испытательное оборудование 
ATT-0218-06-NNN-02,ATT-0218-06-NNN-02, Испытательное оборудование 
ATT-0218-07-NNN-02,ATT-0218-07-NNN-02, Испытательное оборудование 
ATT-0218-10-NNN-02,ATT-0218-10-NNN-02, Испытательное оборудование 
ATT-0218-13-NNN-02,ATT-0218-13-NNN-02, Испытательное оборудование 
ATT-0218-14-NNN-02,ATT-0218-14-NNN-02, Испытательное оборудование 
ATT-0218-15-NNN-02,ATT-0218-15-NNN-02, Испытательное оборудование 
ATT-0218-16-NNN-02,ATT-0218-16-NNN-02, Испытательное оборудование 
ATT-0218-17-NNN-02,ATT-0218-17-NNN-02, Испытательное оборудование 
ATT-0218-18-NNN-02,ATT-0218-18-NNN-02, Испытательное оборудование 
ATT-0218-20-NNN-02,ATT-0218-20-NNN-02, Испытательное оборудование 
ATT-0218-30-NNN-02,ATT-0218-30-NNN-02, Испытательное оборудование 
ATT-0219-01-NNN-02,ATT-0219-01-NNN-02, Испытательное оборудование 
ATT-0219-02-NNN-02,ATT-0219-02-NNN-02, Испытательное оборудование 
ATT-0219-04-NNN-02,ATT-0219-04-NNN-02, Испытательное оборудование 
ATT-0219-05-NNN-02,ATT-0219-05-NNN-02, Испытательное оборудование 
ATT-0219-06-NNN-02,ATT-0219-06-NNN-02, Испытательное оборудование 
ATT-0219-07-NNN-02,ATT-0219-07-NNN-02, Испытательное оборудование 
ATT-0219-09-NNN-02,ATT-0219-09-NNN-02, Испытательное оборудование 
ATT-0219-15-NNN-02,ATT-0219-15-NNN-02, Испытательное оборудование 
ATT-0219-16-NNN-02,ATT-0219-16-NNN-02, Испытательное оборудование 
1825-7,1825-7, Испытательное оборудование 
ATT-0219-17-NNN-02,ATT-0219-17-NNN-02, Испытательное оборудование 
ATT-0219-30-NNN-02,ATT-0219-30-NNN-02, Испытательное оборудование 
ATT-0219-60-NNN-02,ATT-0219-60-NNN-02, Испытательное оборудование 
ATT-0225-07-TNC-02,ATT-0225-07-TNC-02, Испытательное оборудование 
ATT-0225-08-TNC-02,ATT-0225-08-TNC-02, Испытательное оборудование 
ATT-0225-10-TNC-02,ATT-0225-10-TNC-02, Испытательное оборудование 
ATT-0225-12-TNC-02,ATT-0225-12-TNC-02, Испытательное оборудование 
ATT-0225-14-TNC-02,ATT-0225-14-TNC-02, Испытательное оборудование 
ATT-0225-17-TNC-02,ATT-0225-17-TNC-02, Испытательное оборудование 
ATT-0225-19-TNC-02,ATT-0225-19-TNC-02, Испытательное оборудование 
ATT-0238-00-SMA-02,ATT-0238-00-SMA-02, Испытательное оборудование 
ATT-0238-02-SMA-02,ATT-0238-02-SMA-02, Испытательное оборудование 
ATT-0238-03-SMA-02,ATT-0238-03-SMA-02, Испытательное оборудование 
ATT-0238-04-SMA-02,ATT-0238-04-SMA-02, Испытательное оборудование 
ATT-0238-06-SMA-02,ATT-0238-06-SMA-02, Испытательное оборудование 
ATT-0238-10-SMA-02,ATT-0238-10-SMA-02, Испытательное оборудование 
ATT-0238-15-SMA-02,ATT-0238-15-SMA-02, Испытательное оборудование 
ATT-0238-20-SMA-02,ATT-0238-20-SMA-02, Испытательное оборудование 
ATT-0263-00-SMA-02,ATT-0263-00-SMA-02, Испытательное оборудование 
ATT-0263-04-SMA-02,ATT-0263-04-SMA-02, Испытательное оборудование 
ATT-0263-09-SMA-02,ATT-0263-09-SMA-02, Испытательное оборудование 
ATT-0263-11-SMA-02,ATT-0263-11-SMA-02, Испытательное оборудование 
ATT-0263-12-SMA-02,ATT-0263-12-SMA-02, Испытательное оборудование 
ATT-0263-13-SMA-02,ATT-0263-13-SMA-02, Испытательное оборудование 
ATT-0263-14-SMA-02,ATT-0263-14-SMA-02, Испытательное оборудование 
ATT-0263-15-SMA-02,ATT-0263-15-SMA-02, Испытательное оборудование 
ATT-0263-16-SMA-02,ATT-0263-16-SMA-02, Испытательное оборудование 
ATT-0263-17-SMA-02,ATT-0263-17-SMA-02, Испытательное оборудование 
ATT-0263-18-SMA-02,ATT-0263-18-SMA-02, Испытательное оборудование 
ATT-0263-19-SMA-02,ATT-0263-19-SMA-02, Испытательное оборудование 
ATT-0263-20-SMA-02,ATT-0263-20-SMA-02, Испытательное оборудование 
ATT-0263-30-SMA-02,ATT-0263-30-SMA-02, Испытательное оборудование 
ATT-0263-70-SMA-02,ATT-0263-70-SMA-02, Испытательное оборудование 
ATT-0263-72-SMA-02,ATT-0263-72-SMA-02, Испытательное оборудование 
ATT-0263-75-SMA-02,ATT-0263-75-SMA-02, Испытательное оборудование 
1825-8,1825-8, Испытательное оборудование 
ATT-0263-77-SMA-02,ATT-0263-77-SMA-02, Испытательное оборудование 
ATT-0263-78-SMA-02,ATT-0263-78-SMA-02, Испытательное оборудование 
ATT-0263-79-SMA-02,ATT-0263-79-SMA-02, Испытательное оборудование 
ATT-0263-80-SMA-02,ATT-0263-80-SMA-02, Испытательное оборудование 
ATT-0275-02-SMA-02,ATT-0275-02-SMA-02, Испытательное оборудование 
ATT-0275-04-SMA-02,ATT-0275-04-SMA-02, Испытательное оборудование 
ATT-0275-09-SMA-02,ATT-0275-09-SMA-02, Испытательное оборудование 
ATT-0275-11-SMA-02,ATT-0275-11-SMA-02, Испытательное оборудование 
ATT-0275-13-SMA-02,ATT-0275-13-SMA-02, Испытательное оборудование 
ATT-0275-20-SMA-02,ATT-0275-20-SMA-02, Испытательное оборудование 
ATT-0276-03-SMA-02,ATT-0276-03-SMA-02, Испытательное оборудование 
ATT-0276-05-SMA-02,ATT-0276-05-SMA-02, Испытательное оборудование 
ATT-0276-11-SMA-02,ATT-0276-11-SMA-02, Испытательное оборудование 
ATT-0276-12-SMA-02,ATT-0276-12-SMA-02, Испытательное оборудование 
ATT-0276-13-SMA-02,ATT-0276-13-SMA-02, Испытательное оборудование 
ATT-0276-16-SMA-02,ATT-0276-16-SMA-02, Испытательное оборудование 
ATT-0276-18-SMA-02,ATT-0276-18-SMA-02, Испытательное оборудование 
ATT-0277-01-SMA-02,ATT-0277-01-SMA-02, Испытательное оборудование 
ATT-0277-05-SMA-02,ATT-0277-05-SMA-02, Испытательное оборудование 
ATT-0277-07-SMA-02,ATT-0277-07-SMA-02, Испытательное оборудование 
ATT-0277-09-SMA-02,ATT-0277-09-SMA-02, Испытательное оборудование 
ATT-0277-10-SMA-02,ATT-0277-10-SMA-02, Испытательное оборудование 
ATT-0277-11-SMA-02,ATT-0277-11-SMA-02, Испытательное оборудование 
ATT-0277-15-SMA-02,ATT-0277-15-SMA-02, Испытательное оборудование 
ATT-0277-20-SMA-02,ATT-0277-20-SMA-02, Испытательное оборудование 
ATT-0277-30-SMA-02,ATT-0277-30-SMA-02, Испытательное оборудование 
ATT-0290-00-HEX-02,ATT-0290-00-HEX-02, Испытательное оборудование 
ATT-0290-00-SMA-02,ATT-0290-00-SMA-02, Испытательное оборудование 
ATT-0290-01-HEX-02,ATT-0290-01-HEX-02, Испытательное оборудование 
ATT-0290-01-SMA-02,ATT-0290-01-SMA-02, Испытательное оборудование 
ATT-0290-02-HEX-02,ATT-0290-02-HEX-02, Испытательное оборудование 
ATT-0290-04-HEX-02,ATT-0290-04-HEX-02, Испытательное оборудование 
ATT-0290-04-SMA-02,ATT-0290-04-SMA-02, Испытательное оборудование 
ATT-0290-05-HEX-02,ATT-0290-05-HEX-02, Испытательное оборудование 
ATT-0294-07-HEX-02,ATT-0294-07-HEX-02, Испытательное оборудование 
ATT-0290-05-SMA-02,ATT-0290-05-SMA-02, Испытательное оборудование 
ATT-0290-06-HEX-02,ATT-0290-06-HEX-02, Испытательное оборудование 
ATT-0290-07-HEX-02,ATT-0290-07-HEX-02, Испытательное оборудование 
ATT-0290-08-SMA-02,ATT-0290-08-SMA-02, Испытательное оборудование 
ATT-0290-09-HEX-02,ATT-0290-09-HEX-02, Испытательное оборудование 
ATT-0290-10-SMA-02,ATT-0290-10-SMA-02, Испытательное оборудование 
ATT-0290-11-SMA-02,ATT-0290-11-SMA-02, Испытательное оборудование 
ATT-0290-14-HEX-02,ATT-0290-14-HEX-02, Испытательное оборудование 
ATT-0290-14-SMA-02,ATT-0290-14-SMA-02, Испытательное оборудование 
ATT-0290-15-SMA-02,ATT-0290-15-SMA-02, Испытательное оборудование 
ATT-0290-16-SMA-02,ATT-0290-16-SMA-02, Испытательное оборудование 
ATT-0290-17-HEX-02,ATT-0290-17-HEX-02, Испытательное оборудование 
ATT-0290-18-HEX-02,ATT-0290-18-HEX-02, Испытательное оборудование 
ATT-0290-18-SMA-02,ATT-0290-18-SMA-02, Испытательное оборудование 
ATT-0290-20-HEX-02,ATT-0290-20-HEX-02, Испытательное оборудование 
ATT-0290-20-SMA-02,ATT-0290-20-SMA-02, Испытательное оборудование 
ATT-0290-25-SMA-02,ATT-0290-25-SMA-02, Испытательное оборудование 
ATT-0290-71-HEX-02,ATT-0290-71-HEX-02, Испытательное оборудование 
ATT-0290-72-HEX-02,ATT-0290-72-HEX-02, Испытательное оборудование 
ATT-0290-72-SMA-02,ATT-0290-72-SMA-02, Испытательное оборудование 
ATT-0290-73-SMA-02,ATT-0290-73-SMA-02, Испытательное оборудование 
ATT-0290-74-HEX-02,ATT-0290-74-HEX-02, Испытательное оборудование 
ATT-0290-74-SMA-02,ATT-0290-74-SMA-02, Испытательное оборудование 
ATT-0290-76-HEX-02,ATT-0290-76-HEX-02, Испытательное оборудование 
ATT-0290-77-HEX-02,ATT-0290-77-HEX-02, Испытательное оборудование 
ATT-0290-78-HEX-02,ATT-0290-78-HEX-02, Испытательное оборудование 
ATT-0290-80-SMA-02,ATT-0290-80-SMA-02, Испытательное оборудование 
ATT-0291-01-SMA-02,ATT-0291-01-SMA-02, Испытательное оборудование 
ATT-0291-02-HEX-02,ATT-0291-02-HEX-02, Испытательное оборудование 
ATT-0291-02-SMA-02,ATT-0291-02-SMA-02, Испытательное оборудование 
ATT-0291-03-SMA-02,ATT-0291-03-SMA-02, Испытательное оборудование 
ATT-0291-04-HEX-02,ATT-0291-04-HEX-02, Испытательное оборудование 
ATT-0291-04-SMA-02,ATT-0291-04-SMA-02, Испытательное оборудование 
ATT-0291-05-HEX-02,ATT-0291-05-HEX-02, Испытательное оборудование 
112008-0002,112008-0002, Испытательное оборудование 
ATT-0291-05-SMA-02,ATT-0291-05-SMA-02, Испытательное оборудование 
ATT-0291-06-HEX-02,ATT-0291-06-HEX-02, Испытательное оборудование 
ATT-0291-07-HEX-02,ATT-0291-07-HEX-02, Испытательное оборудование 
ATT-0291-07-SMA-02,ATT-0291-07-SMA-02, Испытательное оборудование 
ATT-0291-08-HEX-02,ATT-0291-08-HEX-02, Испытательное оборудование 
ATT-0291-09-SMA-02,ATT-0291-09-SMA-02, Испытательное оборудование 
ATT-0291-10-SMA-02,ATT-0291-10-SMA-02, Испытательное оборудование 
ATT-0291-15-HEX-02,ATT-0291-15-HEX-02, Испытательное оборудование 
ATT-0291-15-SMA-02,ATT-0291-15-SMA-02, Испытательное оборудование 
ATT-0291-30-SMA-02,ATT-0291-30-SMA-02, Испытательное оборудование 
ATT-0292-01-HEX-02,ATT-0292-01-HEX-02, Испытательное оборудование 
ATT-0292-03-SMA-02,ATT-0292-03-SMA-02, Испытательное оборудование 
ATT-0292-04-HEX-02,ATT-0292-04-HEX-02, Испытательное оборудование 
ATT-0292-05-HEX-02,ATT-0292-05-HEX-02, Испытательное оборудование 
ATT-0292-05-SMA-02,ATT-0292-05-SMA-02, Испытательное оборудование 
ATT-0292-06-HEX-02,ATT-0292-06-HEX-02, Испытательное оборудование 
ATT-0292-06-SMA-02,ATT-0292-06-SMA-02, Испытательное оборудование 
ATT-0292-07-HEX-02,ATT-0292-07-HEX-02, Испытательное оборудование 
ATT-0292-07-SMA-02,ATT-0292-07-SMA-02, Испытательное оборудование 
ATT-0292-08-HEX-02,ATT-0292-08-HEX-02, Испытательное оборудование 
ATT-0292-09-HEX-02,ATT-0292-09-HEX-02, Испытательное оборудование 
ATT-0292-09-SMA-02,ATT-0292-09-SMA-02, Испытательное оборудование 
ATT-0292-10-HEX-02,ATT-0292-10-HEX-02, Испытательное оборудование 
ATT-0292-15-SMA-02,ATT-0292-15-SMA-02, Испытательное оборудование 
ATT-0292-20-HEX-02,ATT-0292-20-HEX-02, Испытательное оборудование 
ATT-0294-01-HEX-02,ATT-0294-01-HEX-02, Испытательное оборудование 
ATT-0294-01-SMA-02,ATT-0294-01-SMA-02, Испытательное оборудование 
ATT-0294-02-HEX-02,ATT-0294-02-HEX-02, Испытательное оборудование 
ATT-0294-02-SMA-02,ATT-0294-02-SMA-02, Испытательное оборудование 
ATT-0294-03-HEX-02,ATT-0294-03-HEX-02, Испытательное оборудование 
ATT-0294-03-SMA-02,ATT-0294-03-SMA-02, Испытательное оборудование 
ATT-0294-04-HEX-02,ATT-0294-04-HEX-02, Испытательное оборудование 
ATT-0294-04-SMA-02,ATT-0294-04-SMA-02, Испытательное оборудование 
ATT-0294-06-SMA-02,ATT-0294-06-SMA-02, Испытательное оборудование 
H7ER-N-B,H7ER-N-B, Испытательное оборудование 
ATT-0294-09-HEX-02,ATT-0294-09-HEX-02, Испытательное оборудование 
ATT-0294-15-HEX-02,ATT-0294-15-HEX-02, Испытательное оборудование 
ATT-0294-15-SMA-02,ATT-0294-15-SMA-02, Испытательное оборудование 
ATT-0294-30-SMA-02,ATT-0294-30-SMA-02, Испытательное оборудование 
ATT-0298-02-SMA-02,ATT-0298-02-SMA-02, Испытательное оборудование 
ATT-0298-03-SMA-02,ATT-0298-03-SMA-02, Испытательное оборудование 
ATT-0298-04-HEX-02,ATT-0298-04-HEX-02, Испытательное оборудование 
ATT-0298-05-HEX-02,ATT-0298-05-HEX-02, Испытательное оборудование 
ATT-0298-06-HEX-02,ATT-0298-06-HEX-02, Испытательное оборудование 
ATT-0298-06-SMA-02,ATT-0298-06-SMA-02, Испытательное оборудование 
ATT-0298-08-HEX-02,ATT-0298-08-HEX-02, Испытательное оборудование 
ATT-0298-08-SMA-02,ATT-0298-08-SMA-02, Испытательное оборудование 
ATT-0298-09-HEX-02,ATT-0298-09-HEX-02, Испытательное оборудование 
ATT-0298-12-HEX-02,ATT-0298-12-HEX-02, Испытательное оборудование 
ATT-0298-12-SMA-02,ATT-0298-12-SMA-02, Испытательное оборудование 
ATT-0298-13-SMA-02,ATT-0298-13-SMA-02, Испытательное оборудование 
ATT-0298-15-HEX-02,ATT-0298-15-HEX-02, Испытательное оборудование 
ATT-0298-16-HEX-02,ATT-0298-16-HEX-02, Испытательное оборудование 
ATT-0298-16-SMA-02,ATT-0298-16-SMA-02, Испытательное оборудование 
ATT-0298-17-HEX-02,ATT-0298-17-HEX-02, Испытательное оборудование 
ATT-0298-17-SMA-02,ATT-0298-17-SMA-02, Испытательное оборудование 
ATT-0298-18-SMA-02,ATT-0298-18-SMA-02, Испытательное оборудование 
ATT-0298-20-HEX-02,ATT-0298-20-HEX-02, Испытательное оборудование 
ATT-0298-20-SMA-02,ATT-0298-20-SMA-02, Испытательное оборудование 
ATT-0298-30-HEX-02,ATT-0298-30-HEX-02, Испытательное оборудование 
ATT-0313-00-BNC-10,ATT-0313-00-BNC-10, Испытательное оборудование 
ATT-0313-04-BNC-10,ATT-0313-04-BNC-10, Испытательное оборудование 
ATT-0313-06-BNC-10,ATT-0313-06-BNC-10, Испытательное оборудование 
ATT-0313-07-BNC-10,ATT-0313-07-BNC-10, Испытательное оборудование 
ATT-0313-10-BNC-10,ATT-0313-10-BNC-10, Испытательное оборудование 
ATT-0313-20-BNC-10,ATT-0313-20-BNC-10, Испытательное оборудование 
ATT-0313-30-BNC-10,ATT-0313-30-BNC-10, Испытательное оборудование 
ATT-0333-01-SMA-02,ATT-0333-01-SMA-02, Испытательное оборудование 
ATT-0333-02-SMA-02,ATT-0333-02-SMA-02, Испытательное оборудование 
H7ER-NV,H7ER-NV, Испытательное оборудование 
ATT-0333-05-SMA-02,ATT-0333-05-SMA-02, Испытательное оборудование 
ATT-0333-06-SMA-02,ATT-0333-06-SMA-02, Испытательное оборудование 
ATT-0333-07-SMA-02,ATT-0333-07-SMA-02, Испытательное оборудование 
ATT-0389-10-NNN-02,ATT-0389-10-NNN-02, Испытательное оборудование 
ATT-0389-20-NNN-02,ATT-0389-20-NNN-02, Испытательное оборудование 
ATT-0444-01-SMA-02,ATT-0444-01-SMA-02, Испытательное оборудование 
ATT-0444-02-HEX-02,ATT-0444-02-HEX-02, Испытательное оборудование 
ATT-0444-03-HEX-02,ATT-0444-03-HEX-02, Испытательное оборудование 
ATT-0444-03-SMA-02,ATT-0444-03-SMA-02, Испытательное оборудование 
ATT-0444-04-SMA-02,ATT-0444-04-SMA-02, Испытательное оборудование 
ATT-0444-05-SMA-02,ATT-0444-05-SMA-02, Испытательное оборудование 
ATT-0444-06-HEX-02,ATT-0444-06-HEX-02, Испытательное оборудование 
ATT-0444-10-HEX-02,ATT-0444-10-HEX-02, Испытательное оборудование 
ATT-0444-12-SMA-02,ATT-0444-12-SMA-02, Испытательное оборудование 
ATT-0444-18-SMA-02,ATT-0444-18-SMA-02, Испытательное оборудование 
ATT-0444-20-HEX-02,ATT-0444-20-HEX-02, Испытательное оборудование 
ATT-0444-30-SMA-02,ATT-0444-30-SMA-02, Испытательное оборудование 
ATT-0451-00-SMA-02,ATT-0451-00-SMA-02, Испытательное оборудование 
ATT-0451-01-SMA-02,ATT-0451-01-SMA-02, Испытательное оборудование 
ATT-0451-02-SMA-02,ATT-0451-02-SMA-02, Испытательное оборудование 
ATT-0451-05-SMA-02,ATT-0451-05-SMA-02, Испытательное оборудование 
ATT-0451-06-SMA-02,ATT-0451-06-SMA-02, Испытательное оборудование 
ATT-0451-07-SMA-02,ATT-0451-07-SMA-02, Испытательное оборудование 
ATT-0451-08-SMA-02,ATT-0451-08-SMA-02, Испытательное оборудование 
ATT-0451-09-SMA-02,ATT-0451-09-SMA-02, Испытательное оборудование 
ATT-0451-12-SMA-02,ATT-0451-12-SMA-02, Испытательное оборудование 
ATT-0451-14-SMA-02,ATT-0451-14-SMA-02, Испытательное оборудование 
ATT-0451-16-SMA-02,ATT-0451-16-SMA-02, Испытательное оборудование 
ATT-0451-17-SMA-02,ATT-0451-17-SMA-02, Испытательное оборудование 
ATT-0451-20-SMA-02,ATT-0451-20-SMA-02, Испытательное оборудование 
ATT-0451-30-SMA-02,ATT-0451-30-SMA-02, Испытательное оборудование 
ATT-0523-02-SMA-02,ATT-0523-02-SMA-02, Испытательное оборудование 
ATT-0523-08-SMA-02,ATT-0523-08-SMA-02, Испытательное оборудование 
ATT-0523-20-SMA-02,ATT-0523-20-SMA-02, Испытательное оборудование 
ATT-0550-02-35M-02,ATT-0550-02-35M-02, Испытательное оборудование 
ATT-0550-04-35M-02,ATT-0550-04-35M-02, Испытательное оборудование 
ATT-0640-10-29M-02,ATT-0640-10-29M-02, Испытательное оборудование 
ATT-290F-01-HEX-02,ATT-290F-01-HEX-02, Испытательное оборудование 
ATT-290F-02-SMA-02,ATT-290F-02-SMA-02, Испытательное оборудование 
ATT-290F-03-SMA-02,ATT-290F-03-SMA-02, Испытательное оборудование 
ATT-290F-04-HEX-02,ATT-290F-04-HEX-02, Испытательное оборудование 
ATT-290F-05-SMA-02,ATT-290F-05-SMA-02, Испытательное оборудование 
ATT-290F-07-HEX-02,ATT-290F-07-HEX-02, Испытательное оборудование 
ATT-290F-10-HEX-02,ATT-290F-10-HEX-02, Испытательное оборудование 
ATT-290F-20-HEX-02,ATT-290F-20-HEX-02, Испытательное оборудование 
ATT-290F-30-SMA-02,ATT-290F-30-SMA-02, Испытательное оборудование 
ATT-290M-00-HEX-02,ATT-290M-00-HEX-02, Испытательное оборудование 
ATT-290M-01-HEX-02,ATT-290M-01-HEX-02, Испытательное оборудование 
ATT-290M-02-HEX-02,ATT-290M-02-HEX-02, Испытательное оборудование 
ATT-290M-03-HEX-02,ATT-290M-03-HEX-02, Испытательное оборудование 
ATT-290M-03-SMA-02,ATT-290M-03-SMA-02, Испытательное оборудование 
ATT-290M-04-HEX-02,ATT-290M-04-HEX-02, Испытательное оборудование 
ATT-290M-04-SMA-02,ATT-290M-04-SMA-02, Испытательное оборудование 
ATT-290M-07-SMA-02,ATT-290M-07-SMA-02, Испытательное оборудование 
ATT-290M-09-HEX-02,ATT-290M-09-HEX-02, Испытательное оборудование 
ATT-290M-09-SMA-02,ATT-290M-09-SMA-02, Испытательное оборудование 
ATT-290M-10-SMA-02,ATT-290M-10-SMA-02, Испытательное оборудование 
ATT-451F-00-SMA-02,ATT-451F-00-SMA-02, Испытательное оборудование 
ATT-451F-02-SMA-02,ATT-451F-02-SMA-02, Испытательное оборудование 
ATT-451F-03-SMA-02,ATT-451F-03-SMA-02, Испытательное оборудование 
ATT-451F-08-SMA-02,ATT-451F-08-SMA-02, Испытательное оборудование 
ATT-451F-09-SMA-02,ATT-451F-09-SMA-02, Испытательное оборудование 
ATT-451F-20-SMA-02,ATT-451F-20-SMA-02, Испытательное оборудование 
M3933_14-01S,M3933_14-01S, Испытательное оборудование 
M3933_14-02N,M3933_14-02N, Испытательное оборудование 
M3933_14-07S,M3933_14-07S, Испытательное оборудование 
M3933_14-12S,M3933_14-12S, Испытательное оборудование 
M3933_14-13S,M3933_14-13S, Испытательное оборудование 
M3933_14-14N,M3933_14-14N, Испытательное оборудование 
M3933_14-14S,M3933_14-14S, Испытательное оборудование 
1825-1,1825-1, Испытательное оборудование 
M3933_14-17N,M3933_14-17N, Испытательное оборудование 
M3933_14-17S,M3933_14-17S, Испытательное оборудование 
M3933_14-22S,M3933_14-22S, Испытательное оборудование 
M3933_14-24S,M3933_14-24S, Испытательное оборудование 
M3933_16-04S,M3933_16-04S, Испытательное оборудование 
M3933_16-08N,M3933_16-08N, Испытательное оборудование 
M3933_16-08S,M3933_16-08S, Испытательное оборудование 
M3933_16-10N,M3933_16-10N, Испытательное оборудование 
M3933_16-10S,M3933_16-10S, Испытательное оборудование 
M3933_16-12N,M3933_16-12N, Испытательное оборудование 
M3933_16-16S,M3933_16-16S, Испытательное оборудование 
M3933_16-17N,M3933_16-17N, Испытательное оборудование 
M3933_16-19S,M3933_16-19S, Испытательное оборудование 
M3933_16-20N,M3933_16-20N, Испытательное оборудование 
M3933_16-27S,M3933_16-27S, Испытательное оборудование 
M3933_16-29S,M3933_16-29S, Испытательное оборудование 
M3933_16-31S,M3933_16-31S, Испытательное оборудование 
M3933_16-33N,M3933_16-33N, Испытательное оборудование 
M3933_16-34S,M3933_16-34S, Испытательное оборудование 
M3933_16-35S,M3933_16-35S, Испытательное оборудование 
M3933_16-37N,M3933_16-37N, Испытательное оборудование 
M3933_16-37S,M3933_16-37S, Испытательное оборудование 
M3933_16-38S,M3933_16-38S, Испытательное оборудование 
M3933_16-40S,M3933_16-40S, Испытательное оборудование 
M3933_16-43N,M3933_16-43N, Испытательное оборудование 
M3933_16-44N,M3933_16-44N, Испытательное оборудование 
M3933_16-45N,M3933_16-45N, Испытательное оборудование 
M3933_16-46N,M3933_16-46N, Испытательное оборудование 
M3933_16-46S,M3933_16-46S, Испытательное оборудование 
M3933_16-48N,M3933_16-48N, Испытательное оборудование 
M3933_16-50N,M3933_16-50N, Испытательное оборудование 
M3933_16-51S,M3933_16-51S, Испытательное оборудование 
M3933_16-52N,M3933_16-52N, Испытательное оборудование 
M3933_16-53N,M3933_16-53N, Испытательное оборудование 
M3933_16-55N,M3933_16-55N, Испытательное оборудование 
M3933_16-58N,M3933_16-58N, Испытательное оборудование 
M3933_17-01N,M3933_17-01N, Испытательное оборудование 
M3933_17-01S,M3933_17-01S, Испытательное оборудование 
M3933_17-03N,M3933_17-03N, Испытательное оборудование 
M3933_17-04S,M3933_17-04S, Испытательное оборудование 
M3933_17-05N,M3933_17-05N, Испытательное оборудование 
M3933_17-07S,M3933_17-07S, Испытательное оборудование 
M3933_17-09N,M3933_17-09N, Испытательное оборудование 
M3933_17-09S,M3933_17-09S, Испытательное оборудование 
M3933_17-10N,M3933_17-10N, Испытательное оборудование 
M3933_17-10S,M3933_17-10S, Испытательное оборудование 
M3933_17-11N,M3933_17-11N, Испытательное оборудование 
M3933_17-12N,M3933_17-12N, Испытательное оборудование 
M3933_17-12S,M3933_17-12S, Испытательное оборудование 
M3933_17-14N,M3933_17-14N, Испытательное оборудование 
M3933_17-14S,M3933_17-14S, Испытательное оборудование 
M3933_17-15N,M3933_17-15N, Испытательное оборудование 
M3933_17-16N,M3933_17-16N, Испытательное оборудование 
M3933_17-16S,M3933_17-16S, Испытательное оборудование 
M3933_17-18N,M3933_17-18N, Испытательное оборудование 
M3933_17-18S,M3933_17-18S, Испытательное оборудование 
M3933_17-19N,M3933_17-19N, Испытательное оборудование 
M3933_17-19S,M3933_17-19S, Испытательное оборудование 
M3933_17-20N,M3933_17-20N, Испытательное оборудование 
M3933_17-21N,M3933_17-21N, Испытательное оборудование 
M3933_25-01N,M3933_25-01N, Испытательное оборудование 
M3933_25-01S,M3933_25-01S, Испытательное оборудование 
M3933_25-02N,M3933_25-02N, Испытательное оборудование 
M3933_25-03S,M3933_25-03S, Испытательное оборудование 
M3933_25-04N,M3933_25-04N, Испытательное оборудование 
M3933_25-04S,M3933_25-04S, Испытательное оборудование 
M3933_25-06N,M3933_25-06N, Испытательное оборудование 
M3933_25-08N,M3933_25-08N, Испытательное оборудование 
M3933_25-08S,M3933_25-08S, Испытательное оборудование 
M3933_25-09N,M3933_25-09N, Испытательное оборудование 
M3933_25-10N,M3933_25-10N, Испытательное оборудование 
M3933_25-10S,M3933_25-10S, Испытательное оборудование 
M3933_25-11S,M3933_25-11S, Испытательное оборудование 
M3933_25-12N,M3933_25-12N, Испытательное оборудование 
M3933_25-13N,M3933_25-13N, Испытательное оборудование 
M3933_25-15S,M3933_25-15S, Испытательное оборудование 
M3933_25-17N,M3933_25-17N, Испытательное оборудование 
M3933_25-17S,M3933_25-17S, Испытательное оборудование 
1825-3,1825-3, Испытательное оборудование 
M3933_25-18N,M3933_25-18N, Испытательное оборудование 
M3933_25-19S,M3933_25-19S, Испытательное оборудование 
M3933_25-22N,M3933_25-22N, Испытательное оборудование 
M3933_25-23N,M3933_25-23N, Испытательное оборудование 
M3933_25-24N,M3933_25-24N, Испытательное оборудование 
M3933_25-25N,M3933_25-25N, Испытательное оборудование 
M3933_25-26S,M3933_25-26S, Испытательное оборудование 
M3933_25-27N,M3933_25-27N, Испытательное оборудование 
M3933_25-28N,M3933_25-28N, Испытательное оборудование 
M3933_25-30N,M3933_25-30N, Испытательное оборудование 
M3933_25-32N,M3933_25-32N, Испытательное оборудование 
M3933_25-33N,M3933_25-33N, Испытательное оборудование 
M3933_25-37N,M3933_25-37N, Испытательное оборудование 
M3933_25-37S,M3933_25-37S, Испытательное оборудование 
M3933_25-40N,M3933_25-40N, Испытательное оборудование 
M3933_25-40S,M3933_25-40S, Испытательное оборудование 
M3933_25-43N,M3933_25-43N, Испытательное оборудование 
M3933_25-44N,M3933_25-44N, Испытательное оборудование 
M3933_25-46N,M3933_25-46N, Испытательное оборудование 
M3933_25-52N,M3933_25-52N, Испытательное оборудование 
M3933_25-54N,M3933_25-54N, Испытательное оборудование 
M3933_25-60S,M3933_25-60S, Испытательное оборудование 
M3933_25-61S,M3933_25-61S, Испытательное оборудование 
M3933_25-66N,M3933_25-66N, Испытательное оборудование 
M3933_25-66S,M3933_25-66S, Испытательное оборудование 
M3933_25-68S,M3933_25-68S, Испытательное оборудование 
M3933_25-69N,M3933_25-69N, Испытательное оборудование 
M3933_25-70N,M3933_25-70N, Испытательное оборудование 
M3933_25-73N,M3933_25-73N, Испытательное оборудование 
M3933_25-73S,M3933_25-73S, Испытательное оборудование 
M3933_25-74N,M3933_25-74N, Испытательное оборудование 
M3933_25-75S,M3933_25-75S, Испытательное оборудование 
M3933_25-76S,M3933_25-76S, Испытательное оборудование 
M3933_25-77N,M3933_25-77N, Испытательное оборудование 
M3933_25-81N,M3933_25-81N, Испытательное оборудование 
M3933_25-87N,M3933_25-87N, Испытательное оборудование 
M3933_25-89S,M3933_25-89S, Испытательное оборудование 
M3933_25-91N,M3933_25-91N, Испытательное оборудование 
1825-4,1825-4, Испытательное оборудование 
0321-0-67-80-08-27-10-0,0321-0-67-80-08-27-10-0, Испытательное оборудование 
0337-0-67-80-15-27-10-0,0337-0-67-80-15-27-10-0, Испытательное оборудование 
0376-0-67-80-07-27-10-0,0376-0-67-80-07-27-10-0, Испытательное оборудование 
0461-0-15-80-11-27-04-0,0461-0-15-80-11-27-04-0, Испытательное оборудование 
0577-0-67-80-21-27-10-0,0577-0-67-80-21-27-10-0, Испытательное оборудование 
0873-0-15-20-82-14-11-0,0873-0-15-20-82-14-11-0, Испытательное оборудование 
0900-6-15-20-75-14-11-0,0900-6-15-20-75-14-11-0, Испытательное оборудование 
0905-0-15-20-75-14-11-0,0905-0-15-20-75-14-11-0, Испытательное оборудование 
0906-1-15-20-75-14-11-0,0906-1-15-20-75-14-11-0, Испытательное оборудование 
0906-2-15-20-75-14-11-0,0906-2-15-20-75-14-11-0, Испытательное оборудование 
0907-0-15-20-75-14-11-0,0907-0-15-20-75-14-11-0, Испытательное оборудование 
0908-1-15-20-75-14-11-0,0908-1-15-20-75-14-11-0, Испытательное оборудование 
0908-3-15-20-75-14-11-0,0908-3-15-20-75-14-11-0, Испытательное оборудование 
0908-4-15-20-75-14-11-0,0908-4-15-20-75-14-11-0, Испытательное оборудование 
0908-6-15-20-75-14-11-0,0908-6-15-20-75-14-11-0, Испытательное оборудование 
0908-9-15-20-75-14-11-0,0908-9-15-20-75-14-11-0, Испытательное оборудование 
0910-0-50-20-76-14-11-0,0910-0-50-20-76-14-11-0, Испытательное оборудование 
0910-1-50-20-75-14-11-0,0910-1-50-20-75-14-11-0, Испытательное оборудование 
0910-2-57-20-75-14-11-0,0910-2-57-20-75-14-11-0, Испытательное оборудование 
0910-3-50-20-75-14-11-0,0910-3-50-20-75-14-11-0, Испытательное оборудование 
0910-4-50-20-75-14-11-0,0910-4-50-20-75-14-11-0, Испытательное оборудование 
0910-8-57-20-76-14-11-0,0910-8-57-20-76-14-11-0, Испытательное оборудование 
0911-0-15-20-86-14-11-0,0911-0-15-20-86-14-11-0, Испытательное оборудование 
0919-0-15-20-89-14-11-0,0919-0-15-20-89-14-11-0, Испытательное оборудование 
0929-0-15-20-75-14-11-0,0929-0-15-20-75-14-11-0, Испытательное оборудование 
0933-0-15-20-75-14-11-0,0933-0-15-20-75-14-11-0, Испытательное оборудование 
0937-0-15-20-77-14-11-0,0937-0-15-20-77-14-11-0, Испытательное оборудование 
0951-0-15-20-71-14-11-0,0951-0-15-20-71-14-11-0, Испытательное оборудование 
0956-0-15-20-75-14-11-0,0956-0-15-20-75-14-11-0, Испытательное оборудование 
0978-0-15-20-75-14-11-0,0978-0-15-20-75-14-11-0, Испытательное оборудование 
0985-1-15-20-71-14-11-0,0985-1-15-20-71-14-11-0, Испытательное оборудование 
0985-2-15-20-71-14-11-0,0985-2-15-20-71-14-11-0, Испытательное оборудование 
4614-0-31-01-47-27-04-0,4614-0-31-01-47-27-04-0, Испытательное оборудование 
1301270003,1301270003, Испытательное оборудование 
1301270009,1301270009, Испытательное оборудование 
110004,110004, Испытательное оборудование 
110009,110009, Испытательное оборудование 
BU-00202-0,BU-00202-0, Испытательное оборудование 
BU-00226-2,BU-00226-2, Испытательное оборудование 
BU-00233-2,BU-00233-2, Испытательное оборудование 
BU-00241,BU-00241, Испытательное оборудование 
BU-00243-2,BU-00243-2, Испытательное оборудование 
BU-00244-0,BU-00244-0, Испытательное оборудование 
BU-00245-0,BU-00245-0, Испытательное оборудование 
BU-00246-2,BU-00246-2, Испытательное оборудование 
BU-00247-0,BU-00247-0, Испытательное оборудование 
BU-00247-4,BU-00247-4, Испытательное оборудование 
BU-00261,BU-00261, Испытательное оборудование 
BU-00283,BU-00283, Испытательное оборудование 
BU-1010-A-12-0,BU-1010-A-12-0, Испытательное оборудование 
BU-1010-A-24-0,BU-1010-A-24-0, Испытательное оборудование 
BU-1010-A-48-0,BU-1010-A-48-0, Испытательное оборудование 
BU-1010-A-60-0,BU-1010-A-60-0, Испытательное оборудование 
BU-102B-2,BU-102B-2, Испытательное оборудование 
BU-1111-A-24-2,BU-1111-A-24-2, Испытательное оборудование 
BU-1111-A-36-2,BU-1111-A-36-2, Испытательное оборудование 
BU-1111-A-48-2,BU-1111-A-48-2, Испытательное оборудование 
BU-1111-A-60-0,BU-1111-A-60-0, Испытательное оборудование 
BU-1120-A-12-2,BU-1120-A-12-2, Испытательное оборудование 
BU-1120-A-24-2,BU-1120-A-24-2, Испытательное оборудование 
BU-1120-A-36-0,BU-1120-A-36-0, Испытательное оборудование 
BU-1120-A-48-0,BU-1120-A-48-0, Испытательное оборудование 
BU-1120-A-48-2,BU-1120-A-48-2, Испытательное оборудование 
BU-1120-A-60-0,BU-1120-A-60-0, Испытательное оборудование 
BU-1120-A-60-2,BU-1120-A-60-2, Испытательное оборудование 
BU-1150-C-24-0,BU-1150-C-24-0, Испытательное оборудование 
BU-1150-C-36-0,BU-1150-C-36-0, Испытательное оборудование 
BU-11APN,BU-11APN, Испытательное оборудование 
BU-11APS,BU-11APS, Испытательное оборудование 
BU-125,BU-125, Испытательное оборудование 
BU-126-0_2,BU-126-0_2, Испытательное оборудование 
BU-13-5,BU-13-5, Испытательное оборудование 
BU-2020-A-12-2,BU-2020-A-12-2, Испытательное оборудование 
BU-2020-A-36-0,BU-2020-A-36-0, Испытательное оборудование 
BU-2020-A-48-2,BU-2020-A-48-2, Испытательное оборудование 
BU-2020-A-60-0,BU-2020-A-60-0, Испытательное оборудование 
BU-2020-A-60-2,BU-2020-A-60-2, Испытательное оборудование 
BU-2030-A-12-0,BU-2030-A-12-0, Испытательное оборудование 
BU-2030-A-12-2,BU-2030-A-12-2, Испытательное оборудование 
BU-2030-A-24-0,BU-2030-A-24-0, Испытательное оборудование 
BU-2030-A-24-2,BU-2030-A-24-2, Испытательное оборудование 
BU-2030-A-36-2,BU-2030-A-36-2, Испытательное оборудование 
BU-2030-A-48-0,BU-2030-A-48-0, Испытательное оборудование 
BU-2030-A-48-2,BU-2030-A-48-2, Испытательное оборудование 
BU-2030-A-60-2,BU-2030-A-60-2, Испытательное оборудование 
BU-20431-2,BU-20431-2, Испытательное оборудование 
BU-20431-6,BU-20431-6, Испытательное оборудование 
BU-20433-2,BU-20433-2, Испытательное оборудование 
BU-21APN,BU-21APN, Испытательное оборудование 
BU-21CPS,BU-21CPS, Испытательное оборудование 
BU-2241-D-48-0,BU-2241-D-48-0, Испытательное оборудование 
BU-23-0,BU-23-0, Испытательное оборудование 
BU-23-4,BU-23-4, Испытательное оборудование 
BU-24APN,BU-24APN, Испытательное оборудование 
BU-25,BU-25, Испытательное оборудование 
BU-26101-0,BU-26101-0, Испытательное оборудование 
BU-26106-2,BU-26106-2, Испытательное оборудование 
BU-26130-0,BU-26130-0, Испытательное оборудование 
BU-26130-2,BU-26130-2, Испытательное оборудование 
BU-26130-6,BU-26130-6, Испытательное оборудование 
BU-26-2,BU-26-2, Испытательное оборудование 
BU-27,BU-27, Испытательное оборудование 
BU-2741-D-48-2,BU-2741-D-48-2, Испытательное оборудование 
BU-27CGW,BU-27CGW, Испытательное оборудование 
BU-2929-M-20-0,BU-2929-M-20-0, Испытательное оборудование 
BU-2929-M-39-2,BU-2929-M-39-2, Испытательное оборудование 
BU-30212-4,BU-30212-4, Испытательное оборудование 
BU-30214-5,BU-30214-5, Испытательное оборудование 
BU-3030-A-12-0,BU-3030-A-12-0, Испытательное оборудование 
BU-3030-A-24-0,BU-3030-A-24-0, Испытательное оборудование 
BU-3030-A-48-0,BU-3030-A-48-0, Испытательное оборудование 
BU-3030-A-60-0,BU-3030-A-60-0, Испытательное оборудование 
BU-3030-C-24-0,BU-3030-C-24-0, Испытательное оборудование 
BU-3030-C-24-2,BU-3030-C-24-2, Испытательное оборудование 
BU-30BL,BU-30BL, Испытательное оборудование 
BU-31101-2,BU-31101-2, Испытательное оборудование 
BU-3110410-4,BU-3110410-4, Испытательное оборудование 
BU-3110410-6,BU-3110410-6, Испытательное оборудование 
BU-3110410-9,BU-3110410-9, Испытательное оборудование 
BU-31104-2,BU-31104-2, Испытательное оборудование 
BU-31-2,BU-31-2, Испытательное оборудование 
BU-3131-A-12-2,BU-3131-A-12-2, Испытательное оборудование 
BU-3131-A-24-0,BU-3131-A-24-0, Испытательное оборудование 
BU-3131-A-36-2,BU-3131-A-36-2, Испытательное оборудование 
BU-3131-A-60-0,BU-3131-A-60-0, Испытательное оборудование 
BU-31607-0,BU-31607-0, Испытательное оборудование 
BU-31607-2,BU-31607-2, Испытательное оборудование 
BU-31609-2,BU-31609-2, Испытательное оборудование 
BU-31-9,BU-31-9, Испытательное оборудование 
BU-32-0,BU-32-0, Испытательное оборудование 
BU-32101-0,BU-32101-0, Испытательное оборудование 
BU-32101-4,BU-32101-4, Испытательное оборудование 
BU-32101-6,BU-32101-6, Испытательное оборудование 
BU-32-2,BU-32-2, Испытательное оборудование 
BU-32-4,BU-32-4, Испытательное оборудование 
BU-32-5,BU-32-5, Испытательное оборудование 
BU-32-6,BU-32-6, Испытательное оборудование 
BU-32601-2,BU-32601-2, Испытательное оборудование 
BU-32601-4,BU-32601-4, Испытательное оборудование 
BU-32601-6,BU-32601-6, Испытательное оборудование 
BU-32603-0,BU-32603-0, Испытательное оборудование 
BU-32603-5,BU-32603-5, Испытательное оборудование 
BU-32614-4,BU-32614-4, Испытательное оборудование 
BU-32614-5,BU-32614-5, Испытательное оборудование 
BU-32614-9,BU-32614-9, Испытательное оборудование 
BU-34X,BU-34X, Испытательное оборудование 
BU-35-2,BU-35-2, Испытательное оборудование 
BU-36-0,BU-36-0, Испытательное оборудование 
BU-36-4,BU-36-4, Испытательное оборудование 
BU-36-5,BU-36-5, Испытательное оборудование 
BU-36-6,BU-36-6, Испытательное оборудование 
BU-40C-0,BU-40C-0, Испытательное оборудование 
BU-41A-2,BU-41A-2, Испытательное оборудование 
BU-41C-0,BU-41C-0, Испытательное оборудование 
BU-41C-2,BU-41C-2, Испытательное оборудование 
BU-42PR-2,BU-42PR-2, Испытательное оборудование 
BU-43PR-0,BU-43PR-0, Испытательное оборудование 
BU-43PR-2,BU-43PR-2, Испытательное оборудование 
BU-43PR-9,BU-43PR-9, Испытательное оборудование 
BU-4444-A-12-0,BU-4444-A-12-0, Испытательное оборудование 
BU-4444-A-12-2,BU-4444-A-12-2, Испытательное оборудование 
BU-4444-A-24-0,BU-4444-A-24-0, Испытательное оборудование 
BU-4444-A-36-0,BU-4444-A-36-0, Испытательное оборудование 
BU-46A-0,BU-46A-0, Испытательное оборудование 
BU-46A-2,BU-46A-2, Испытательное оборудование 
BU-46C-0,BU-46C-0, Испытательное оборудование 
BU-46C-2,BU-46C-2, Испытательное оборудование 
BU-46PR-0,BU-46PR-0, Испытательное оборудование 
BU-46PR-2,BU-46PR-2, Испытательное оборудование 
BU-46X,BU-46X, Испытательное оборудование 
BU-48B,BU-48B, Испытательное оборудование 
BU-48C,BU-48C, Испытательное оборудование 
BU-5050-B-12-0,BU-5050-B-12-0, Испытательное оборудование 
BU-5050-B-24-0,BU-5050-B-24-0, Испытательное оборудование 
BU-5050-B-60-0,BU-5050-B-60-0, Испытательное оборудование 
BU-5070-B-24-0,BU-5070-B-24-0, Испытательное оборудование 
BU-5070-B-36-0,BU-5070-B-36-0, Испытательное оборудование 
BU-5120-A-4-0,BU-5120-A-4-0, Испытательное оборудование 
BU-5200-A-4-0,BU-5200-A-4-0, Испытательное оборудование 
BU-5214-A-4-0,BU-5214-A-4-0, Испытательное оборудование 
BU-5220-A-4-0,BU-5220-A-4-0, Испытательное оборудование 
BU-5231-A-4-0,BU-5231-A-4-0, Испытательное оборудование 
BU-5244-A-4-0,BU-5244-A-4-0, Испытательное оборудование 
BU-60,BU-60, Испытательное оборудование 
BU-60C,BU-60C, Испытательное оборудование 
BU-60CHS-2,BU-60CHS-2, Испытательное оборудование 
BU-60CS,BU-60CS, Испытательное оборудование 
BU-60H-4,BU-60H-4, Испытательное оборудование 
BU-60HPR-0,BU-60HPR-0, Испытательное оборудование 
BU-60HS-2,BU-60HS-2, Испытательное оборудование 
BU-60PR2,BU-60PR2, Испытательное оборудование 
BU-60S,BU-60S, Испытательное оборудование 
BU-61,BU-61, Испытательное оборудование 
BU-6161-M-39-0,BU-6161-M-39-0, Испытательное оборудование 
BU-6161-M-39-2,BU-6161-M-39-2, Испытательное оборудование 
BU-6162-M-39-0,BU-6162-M-39-0, Испытательное оборудование 
BU-62-5,BU-62-5, Испытательное оборудование 
BU-62-6,BU-62-6, Испытательное оборудование 
BU-62-9,BU-62-9, Испытательное оборудование 
BU-63-0,BU-63-0, Испытательное оборудование 
BU-63-2,BU-63-2, Испытательное оборудование 
1825-5,1825-5, Испытательное оборудование 
BU-63-4,BU-63-4, Испытательное оборудование 
BU-63-5,BU-63-5, Испытательное оборудование 
BU-63C-2,BU-63C-2, Испытательное оборудование 
BU-651-0,BU-651-0, Испытательное оборудование 
BU-652-0,BU-652-0, Испытательное оборудование 
BU-70,BU-70, Испытательное оборудование 
BU-7020-B-24-2,BU-7020-B-24-2, Испытательное оборудование 
BU-7020-B-36-0,BU-7020-B-36-0, Испытательное оборудование 
BU-7042-F-48-0,BU-7042-F-48-0, Испытательное оборудование 
BU-7042-F-48-2,BU-7042-F-48-2, Испытательное оборудование 
BU-7070-B-24-0,BU-7070-B-24-0, Испытательное оборудование 
BU-7070-B-36-0,BU-7070-B-36-0, Испытательное оборудование 
BU-7070-B-60-0,BU-7070-B-60-0, Испытательное оборудование 
BU-70C,BU-70C, Испытательное оборудование 
BU-72-5,BU-72-5, Испытательное оборудование 
BU-72-9,BU-72-9, Испытательное оборудование 
BU-78K,BU-78K, Испытательное оборудование 
BU-85,BU-85, Испытательное оборудование 
BU-85C,BU-85C, Испытательное оборудование 
BU-87-0,BU-87-0, Испытательное оборудование 
BU-87-2,BU-87-2, Испытательное оборудование 
BU-87-6,BU-87-6, Испытательное оборудование 
BU-87-9,BU-87-9, Испытательное оборудование 
BU-90-0,BU-90-0, Испытательное оборудование 
BU-P122505-2,BU-P122505-2, Испытательное оборудование 
BU-P1296,BU-P1296, Испытательное оборудование 
BU-P1825-0,BU-P1825-0, Испытательное оборудование 
BU-P1825-2,BU-P1825-2, Испытательное оборудование 
BU-P2240-0,BU-P2240-0, Испытательное оборудование 
BU-P2249-C-240,BU-P2249-C-240, Испытательное оборудование 
BU-P2249-C-36,BU-P2249-C-36, Испытательное оборудование 
BU-P2249-C-6,BU-P2249-C-6, Испытательное оборудование 
BU-P3264,BU-P3264, Испытательное оборудование 
BU-P3285,BU-P3285, Испытательное оборудование 
BU-P3452,BU-P3452, Испытательное оборудование 
BU-P3542-0,BU-P3542-0, Испытательное оборудование 
BU-P3542-2,BU-P3542-2, Испытательное оборудование 
BU-P3839,BU-P3839, Испытательное оборудование 
BU-P4911B-60-0,BU-P4911B-60-0, Испытательное оборудование 
 BU-P4911B- 60-4 , BU-P4911B- 60-4 , Испытательное оборудование 
BU-P4911B-60-6,BU-P4911B-60-6, Испытательное оборудование 
BU-P5167-2,BU-P5167-2, Испытательное оборудование 
BU-P5168-0,BU-P5168-0, Испытательное оборудование 
BU-P5168-2,BU-P5168-2, Испытательное оборудование 
BU-P5169-0,BU-P5169-0, Испытательное оборудование 
BU-P5170-0,BU-P5170-0, Испытательное оборудование 
BU-P5170-2,BU-P5170-2, Испытательное оборудование 
BU-P72918,BU-P72918, Испытательное оборудование 
BU-PMDP-0,BU-PMDP-0, Испытательное оборудование 
BU-PMDP-S-2,BU-PMDP-S-2, Испытательное оборудование 
BU-X15400-2,BU-X15400-2, Испытательное оборудование 
JP-33674,JP-33674, Испытательное оборудование 
JP-33674-TJ,JP-33674-TJ, Испытательное оборудование 
JP-5869-B,JP-5869-B, Испытательное оборудование 
JP-8099-J,JP-8099-J, Испытательное оборудование 
JP8681-2,JP8681-2, Испытательное оборудование 
JP-8681-9,JP-8681-9, Испытательное оборудование 
JP-8783-J,JP-8783-J, Испытательное оборудование 
JP-8783-S,JP-8783-S, Испытательное оборудование 
WI-M-18-0,WI-M-18-0, Испытательное оборудование 
WI-M-18-2,WI-M-18-2, Испытательное оборудование 
ACM20-2-AC1-B-F-C,ACM20-2-AC1-B-F-C, Испытательное оборудование 
MM126056,MM126056, Испытательное оборудование 
MM126310,MM126310, Испытательное оборудование 
MXFR01JA1000,MXFR01JA1000, Испытательное оборудование 
MXHQ87WA3000,MXHQ87WA3000, Испытательное оборудование 
MXHS83QE3000,MXHS83QE3000, Испытательное оборудование 
3020-01100-0,3020-01100-0, Испытательное оборудование 
3020-01102-0,3020-01102-0, Испытательное оборудование 
3020-01105-0,3020-01105-0, Испытательное оборудование 
3020-01106-0,3020-01106-0, Испытательное оборудование 
4320-01074-0,4320-01074-0, Испытательное оборудование 
4400-01032-0,4400-01032-0, Испытательное оборудование 
5252-01126-0,5252-01126-0, Испытательное оборудование 
5252-01127-0,5252-01127-0, Испытательное оборудование 
5252-01145-0,5252-01145-0, Испытательное оборудование 
ACA-20PC-1-AC1-RL-C,ACA-20PC-1-AC1-RL-C, Испытательное оборудование 
ACA-20PC-3-AC1-RL-C,ACA-20PC-3-AC1-RL-C, Испытательное оборудование 
ACA-20PC-4-DC1-RL-C,ACA-20PC-4-DC1-RL-C, Испытательное оборудование 
ACA-20RM-2-AC4-RL-C,ACA-20RM-2-AC4-RL-C, Испытательное оборудование 
ACA5-20PC-3-AC1-RL-C,ACA5-20PC-3-AC1-RL-C, Испытательное оборудование 
ACA5-20PC-5-AC1-RL-C,ACA5-20PC-5-AC1-RL-C, Испытательное оборудование 
ACA5-20PC-8-AC1-RL-C,ACA5-20PC-8-AC1-RL-C, Испытательное оборудование 
ACM20-2-AC1-R-C,ACM20-2-AC1-R-C, Испытательное оборудование 
ACM20-4-AC1-R-C,ACM20-4-AC1-R-C, Испытательное оборудование 
ACM20-4-AC1-R-F-C,ACM20-4-AC1-R-F-C, Испытательное оборудование 
ACM20-5-AC1-R-C,ACM20-5-AC1-R-C, Испытательное оборудование 
DCA-20PC-3-DC1-RL-C,DCA-20PC-3-DC1-RL-C, Испытательное оборудование 
DCA-20PC-3-DC4-RL-C,DCA-20PC-3-DC4-RL-C, Испытательное оборудование 
DCA-20PC-4-DC1-RL-C,DCA-20PC-4-DC1-RL-C, Испытательное оборудование 
DCA-20PC-4-DC4-RL-C,DCA-20PC-4-DC4-RL-C, Испытательное оборудование 
DCA-20PC-5-DC4-RL-C,DCA-20PC-5-DC4-RL-C, Испытательное оборудование 
DCA-20PC-6-DC1-RL-C,DCA-20PC-6-DC1-RL-C, Испытательное оборудование 
DCA-20PC-6-DC4-GS-C,DCA-20PC-6-DC4-GS-C, Испытательное оборудование 
DCA5-20PC-2-DC1-RL-C,DCA5-20PC-2-DC1-RL-C, Испытательное оборудование 
DCA5-20PC-2-DC4-RL-C,DCA5-20PC-2-DC4-RL-C, Испытательное оборудование 
DMR20-0_5-G-C,DMR20-0_5-G-C, Испытательное оборудование 
DMR20-0_5-R-C,DMR20-0_5-R-C, Испытательное оборудование 
DMR20-10-DCM-R-C,DMR20-10-DCM-R-C, Испытательное оборудование 
DMR20-1-FM-R-C,DMR20-1-FM-R-C, Испытательное оборудование 
DMR20-4_20B-R-C,DMR20-4_20B-R-C, Испытательное оборудование 
DMR20-4_20S-G-C,DMR20-4_20S-G-C, Испытательное оборудование 
DMR20-4_20S-R-C,DMR20-4_20S-R-C, Испытательное оборудование 
DMS-20LCD-0-5B-C,DMS-20LCD-0-5B-C, Испытательное оборудование 
DMS-20LCD-0-5-C,DMS-20LCD-0-5-C, Испытательное оборудование 
DMS-20LCD-1-5B-C,DMS-20LCD-1-5B-C, Испытательное оборудование 
DMS-20LCD-2-5-C,DMS-20LCD-2-5-C, Испытательное оборудование 
DMS-20LCD-4_20P-C,DMS-20LCD-4_20P-C, Испытательное оборудование 
DMS-20PC-0_5-24RL-C,DMS-20PC-0_5-24RL-C, Испытательное оборудование 
DMS-20PC-0_5-5RS-C,DMS-20PC-0_5-5RS-C, Испытательное оборудование 
DMS-20PC-0-BS-C,DMS-20PC-0-BS-C, Испытательное оборудование 
DMS-20PC-0-DCM-C,DMS-20PC-0-DCM-C, Испытательное оборудование 
DMS-20PC-0-GS-C,DMS-20PC-0-GS-C, Испытательное оборудование 
DMS-20PC-0-RL-C,DMS-20PC-0-RL-C, Испытательное оборудование 
DMS-20PC-0-RS-C,DMS-20PC-0-RS-C, Испытательное оборудование 
DMS-20PC-1-BL-C,DMS-20PC-1-BL-C, Испытательное оборудование 
DMS-20PC-1-BS-C,DMS-20PC-1-BS-C, Испытательное оборудование 
DMS-20PC-1-DCM-C,DMS-20PC-1-DCM-C, Испытательное оборудование 
DMS-20PC-1-FM-F-C,DMS-20PC-1-FM-F-C, Испытательное оборудование 
DMS-20PC-1-LM-B-C,DMS-20PC-1-LM-B-C, Испытательное оборудование 
DMS-20PC-1-LM-C,DMS-20PC-1-LM-C, Испытательное оборудование 
1825-6,1825-6, Испытательное оборудование 
DMS-20PC-1-LM-F-C,DMS-20PC-1-LM-F-C, Испытательное оборудование 
DMS-20PC-1-LM-G-C,DMS-20PC-1-LM-G-C, Испытательное оборудование 
DMS-20PC-1-LM-GF-C,DMS-20PC-1-LM-GF-C, Испытательное оборудование 
DMS-20PC-1-PGL-C,DMS-20PC-1-PGL-C, Испытательное оборудование 
DMS-20PC-1-YS-C,DMS-20PC-1-YS-C, Испытательное оборудование 
DMS-20PC-2-BL-C,DMS-20PC-2-BL-C, Испытательное оборудование 
DMS-20PC-2-BS-C,DMS-20PC-2-BS-C, Испытательное оборудование 
DMS-20PC-2-FM-C,DMS-20PC-2-FM-C, Испытательное оборудование 
DMS-20PC-2-LM-C,DMS-20PC-2-LM-C, Испытательное оборудование 
DMS-20PC-3-DCM-C,DMS-20PC-3-DCM-C, Испытательное оборудование 
DMS-20PC-3-FM-C,DMS-20PC-3-FM-C, Испытательное оборудование 
DMS-20PC-3-GS-C,DMS-20PC-3-GS-C, Испытательное оборудование 
DMS-20PC-3-PGL-C,DMS-20PC-3-PGL-C, Испытательное оборудование 
DMS-20PC-3-RL-C,DMS-20PC-3-RL-C, Испытательное оборудование 
DMS-20PC-3-YS-C,DMS-20PC-3-YS-C, Испытательное оборудование 
DMS-20PC-4_20B-C,DMS-20PC-4_20B-C, Испытательное оборудование 
DMS-20PC-4_20S-C,DMS-20PC-4_20S-C, Испытательное оборудование 
DMS-20PC-8-DCM-C,DMS-20PC-8-DCM-C, Испытательное оборудование 
DMS-20RM-1-AC1-R-C,DMS-20RM-1-AC1-R-C, Испытательное оборудование 
DMS-20RM-2-DC2-R-C,DMS-20RM-2-DC2-R-C, Испытательное оборудование 
DMS-20RM-3-AC1-R-C,DMS-20RM-3-AC1-R-C, Испытательное оборудование 
DMS-30194-C,DMS-30194-C, Испытательное оборудование 
DMS-30DR-0-R-C,DMS-30DR-0-R-C, Испытательное оборудование 
DMS-30DR-1-R-C,DMS-30DR-1-R-C, Испытательное оборудование 
DMS-30LCD-0-5-C,DMS-30LCD-0-5-C, Испытательное оборудование 
DMS-30LCD-0-9B-C,DMS-30LCD-0-9B-C, Испытательное оборудование 
DMS-30LCD-2-5B-C,DMS-30LCD-2-5B-C, Испытательное оборудование 
DMS-30LCD-2-9B-C,DMS-30LCD-2-9B-C, Испытательное оборудование 
DMS-30LCD-3-9B-C,DMS-30LCD-3-9B-C, Испытательное оборудование 
DMS-30LCD-3-9-C,DMS-30LCD-3-9-C, Испытательное оборудование 
DMS-30PC-0-QS-C,DMS-30PC-0-QS-C, Испытательное оборудование 
DMS-30PC-0-RH-C,DMS-30PC-0-RH-C, Испытательное оборудование 
DMS-30PC-0-RL-C,DMS-30PC-0-RL-C, Испытательное оборудование 
DMS-30PC-0-YS-C,DMS-30PC-0-YS-C, Испытательное оборудование 
DMS-30PC-1-GS-C,DMS-30PC-1-GS-C, Испытательное оборудование 
DMS-30PC-1-RH-C,DMS-30PC-1-RH-C, Испытательное оборудование 
DMS-30PC-1-RL-C,DMS-30PC-1-RL-C, Испытательное оборудование 
DMS-30PC-1-VFS-C,DMS-30PC-1-VFS-C, Испытательное оборудование 
DMS-30PC-2-VFS-C,DMS-30PC-2-VFS-C, Испытательное оборудование 
DMS-30PC-2-YS-C,DMS-30PC-2-YS-C, Испытательное оборудование 
DMS-30PC-3-RL-C,DMS-30PC-3-RL-C, Испытательное оборудование 
DMS-30PC-4_20S-24RH-I-C,DMS-30PC-4_20S-24RH-I-C, Испытательное оборудование 
DMS-30PC-4_20S-24RL-C,DMS-30PC-4_20S-24RL-C, Испытательное оборудование 
DMS-40LCD-0_1-5B-C,DMS-40LCD-0_1-5B-C, Испытательное оборудование 
DMS-40LCD-1_2-5-C,DMS-40LCD-1_2-5-C, Испытательное оборудование 
DMS-40PC-2-GS-C,DMS-40PC-2-GS-C, Испытательное оборудование 
DMS-40PC-2-RH-C,DMS-40PC-2-RH-C, Испытательное оборудование 
DMS-40PC-3-RH-C,DMS-40PC-3-RH-C, Испытательное оборудование 
DMS-40PC-4_20S-24RL-C,DMS-40PC-4_20S-24RL-C, Испытательное оборудование 
DMS-40PC-4_20S-24RS-I-C,DMS-40PC-4_20S-24RS-I-C, Испытательное оборудование 
DMS-BZL1-C,DMS-BZL1-C, Испытательное оборудование 
DMS-BZL2-C,DMS-BZL2-C, Испытательное оборудование 
DMS-EB2-C,DMS-EB2-C, Испытательное оборудование 
DMS-EB-DC_DC-C,DMS-EB-DC_DC-C, Испытательное оборудование 
DMS-EB-RMS-C,DMS-EB-RMS-C, Испытательное оборудование 
DMU-30ACV-2-DR-C,DMU-30ACV-2-DR-C, Испытательное оборудование 
DMU-30DCV-2-DR-C,DMU-30DCV-2-DR-C, Испытательное оборудование 
783537-01,783537-01, Испытательное оборудование 
783569-01,783569-01, Испытательное оборудование 
783586-01,783586-01, Испытательное оборудование 
NAE-PBSET-PSU-03,NAE-PBSET-PSU-03, Испытательное оборудование 
 F03-01 SUS316 , F03-01 SUS316 , Испытательное оборудование 
 H3AM-NSR-A AC100-240 , H3AM-NSR-A AC100-240 , Испытательное оборудование 
 H3BA-N AC220V , H3BA-N AC220V , Испытательное оборудование 
H3CA-8H-AC100_110_120,H3CA-8H-AC100_110_120, Испытательное оборудование 
H3CR-A8-AC100-240_DC100-125,H3CR-A8-AC100-240_DC100-125, Испытательное оборудование 
 H3CR-A8 AC24-48_DC12-48 , H3CR-A8 AC24-48_DC12-48 , Испытательное оборудование 
H3CR-A-AC100-240_DC100-125,H3CR-A-AC100-240_DC100-125, Испытательное оборудование 
H3CR-A-AC24-48_DC12-48,H3CR-A-AC24-48_DC12-48, Испытательное оборудование 
 H3CR-AP AC24-48_DC12-48 , H3CR-AP AC24-48_DC12-48 , Испытательное оборудование 
 H3CR-F8 AC24-48_DC12-48 , H3CR-F8 AC24-48_DC12-48 , Испытательное оборудование 
 H3CR-F AC100-240_DC100-125 , H3CR-F AC100-240_DC100-125 , Испытательное оборудование 
 H3CR-H8L AC100-120 S , H3CR-H8L AC100-120 S , Испытательное оборудование 
 H3CR-H8L AC_DC24 M , H3CR-H8L AC_DC24 M , Испытательное оборудование 
H3CR-H8L-AC_DC24(S),H3CR-H8L-AC_DC24(S), Испытательное оборудование 
 H3CR-HRL AC100-120 S , H3CR-HRL AC100-120 S , Испытательное оборудование 
 H3DK-M1 AC_DC24-240 , H3DK-M1 AC_DC24-240 , Испытательное оборудование 
 H3DK-M2 AC_DC24-240 , H3DK-M2 AC_DC24-240 , Испытательное оборудование 
 H3DK-S1 AC_DC24-240 , H3DK-S1 AC_DC24-240 , Испытательное оборудование 
 H3DK-S2 AC_DC24-240 , H3DK-S2 AC_DC24-240 , Испытательное оборудование 
 H3DS-AL AC24-230_DC24-48 , H3DS-AL AC24-230_DC24-48 , Испытательное оборудование 
 H3DS-FL AC24-230_DC24-48 , H3DS-FL AC24-230_DC24-48 , Испытательное оборудование 
 H3DS-ML AC24-230_DC24-48 , H3DS-ML AC24-230_DC24-48 , Испытательное оборудование 
H3M-AC240-C,H3M-AC240-C, Испытательное оборудование 
 H3M-H DC12 B , H3M-H DC12 B , Испытательное оборудование 
 H3RN-1 AC24 , H3RN-1 AC24 , Испытательное оборудование 
 H3RN-1 DC24 , H3RN-1 DC24 , Испытательное оборудование 
 H3Y-2 AC200-230 10S , H3Y-2 AC200-230 10S , Испытательное оборудование 
H3YN-2-AC200-230,H3YN-2-AC200-230, Испытательное оборудование 
H3YN-2-DC12,H3YN-2-DC12, Испытательное оборудование 
H3YN-2-DC24,H3YN-2-DC24, Испытательное оборудование 
 H3YN-4 AC200-230 , H3YN-4 AC200-230 , Испытательное оборудование 
 H5CX-AD-N AC24_DC12-24 , H5CX-AD-N AC24_DC12-24 , Испытательное оборудование 
H5CX-ASD-N-DC12-24_AC24,H5CX-ASD-N-DC12-24_AC24, Испытательное оборудование 
 H5CX-AS-N AC100-240 , H5CX-AS-N AC100-240 , Испытательное оборудование 
H5F-B,H5F-B, Испытательное оборудование 
H5F-KB,H5F-KB, Испытательное оборудование 
H5L-A,H5L-A, Испытательное оборудование 
H5S-WB2,H5S-WB2, Испытательное оборудование 
H5S-WFB2,H5S-WFB2, Испытательное оборудование 
H7AN-2D-AC100-240,H7AN-2D-AC100-240, Испытательное оборудование 
H7AN-4D-AC100-240,H7AN-4D-AC100-240, Испытательное оборудование 
H7AN-4DM-AC100-240,H7AN-4DM-AC100-240, Испытательное оборудование 
H7AN-R6DM-AC100-240,H7AN-R6DM-AC100-240, Испытательное оборудование 
H7AN-RW6DM-AC100-240,H7AN-RW6DM-AC100-240, Испытательное оборудование 
H7AN-WE4DM-AC100-240,H7AN-WE4DM-AC100-240, Испытательное оборудование 
H7CX-A114D1-N-DC12-24_AC24,H7CX-A114D1-N-DC12-24_AC24, Испытательное оборудование 
 H7CX-A11D1-N DC12-24_AC24 , H7CX-A11D1-N DC12-24_AC24 , Испытательное оборудование 
 H7CX-A11-N AC100_240 , H7CX-A11-N AC100_240 , Испытательное оборудование 
H7CX-A4D-N-DC12-24,H7CX-A4D-N-DC12-24, Испытательное оборудование 
H7CX-A4-N-AC100-240,H7CX-A4-N-AC100-240, Испытательное оборудование 
 H7CX AD-N DC12-24 , H7CX AD-N DC12-24 , Испытательное оборудование 
H7CX-AWD1-N-DC12-24_AC24,H7CX-AWD1-N-DC12-24_AC24, Испытательное оборудование 
H7EC-N-B,H7EC-N-B, Испытательное оборудование 
H7EC-NFV,H7EC-NFV, Испытательное оборудование 
H7EC-NP,H7EC-NP, Испытательное оборудование 
H7EC-NV,H7EC-NV, Испытательное оборудование 
H7ER-N,H7ER-N, Испытательное оборудование 
H7ER-NV1-B,H7ER-NV1-B, Испытательное оборудование 
H7ET-NFV,H7ET-NFV, Испытательное оборудование 
H7ET-NFV-B,H7ET-NFV-B, Испытательное оборудование 
H7ET-NV,H7ET-NV, Испытательное оборудование 
H7ET-NV1-B,H7ET-NV1-B, Испытательное оборудование 
 K3GN-NDC 24VDC , K3GN-NDC 24VDC , Испытательное оборудование 
 K3GN-NTC 24VDC , K3GN-NTC 24VDC , Испытательное оборудование 
 K3GN-NZC 24VDC , K3GN-NZC 24VDC , Испытательное оборудование 
Y92A-72C,Y92A-72C, Испытательное оборудование 
Y92P-CXC4G,Y92P-CXC4G, Испытательное оборудование 
Y92P-CXT4B,Y92P-CXT4B, Испытательное оборудование 
Y92P-CXT4G,Y92P-CXT4G, Испытательное оборудование 
Y92S-37,Y92S-37, Испытательное оборудование 
XP3B-3029-5050-1-D_D,XP3B-3029-5050-1-D_D, Испытательное оборудование 
XP3B-3029-5050-1-D_S,XP3B-3029-5050-1-D_S, Испытательное оборудование 
XP3B-3029-5050-1-D_T,XP3B-3029-5050-1-D_T, Испытательное оборудование 
XP3B-3029-5050-1-S_D,XP3B-3029-5050-1-S_D, Испытательное оборудование 
XP3B-3029-5050-1-S_S,XP3B-3029-5050-1-S_S, Испытательное оборудование 
XP3B-3029-5050-1-T_D,XP3B-3029-5050-1-T_D, Испытательное оборудование 
XP3B-3829-5050-1-D_S,XP3B-3829-5050-1-D_S, Испытательное оборудование 
XP3B-3829-5050-1-D_T,XP3B-3829-5050-1-D_T, Испытательное оборудование 
XP3B-3829-5050-1-R_D,XP3B-3829-5050-1-R_D, Испытательное оборудование 
XP3B-3829-5050-1-R_R,XP3B-3829-5050-1-R_R, Испытательное оборудование 
XP3B-3829-5050-1-R_S,XP3B-3829-5050-1-R_S, Испытательное оборудование 
XP3B-3829-5050-1-T_D,XP3B-3829-5050-1-T_D, Испытательное оборудование 
XP3B-3829-5050-1-T_T,XP3B-3829-5050-1-T_T, Испытательное оборудование 
VS-AVT-CABLE-08,VS-AVT-CABLE-08, Испытательное оборудование 
VS-AVT-RKBB3,VS-AVT-RKBB3, Испытательное оборудование 
VS-CKBB2-00,VS-CKBB2-00, Испытательное оборудование 
AC15WEU-R,AC15WEU-R, Испытательное оборудование 
AC15WNA-R,AC15WNA-R, Испытательное оборудование 
1209091,1209091, Испытательное оборудование 
1212208,1212208, Испытательное оборудование 
1212211,1212211, Испытательное оборудование 
1301216,1301216, Испытательное оборудование 
2701462,2701462, Испытательное оборудование 
2864011,2864011, Испытательное оборудование 
2864215,2864215, Испытательное оборудование 
2901363,2901363, Испытательное оборудование 
2901364,2901364, Испытательное оборудование 
2901366,2901366, Испытательное оборудование 
3035976,3035976, Испытательное оборудование 
3035977,3035977, Испытательное оборудование 
3035978,3035978, Испытательное оборудование 
3035979,3035979, Испытательное оборудование 
3035980,3035980, Испытательное оборудование 
3035981,3035981, Испытательное оборудование 
3069464,3069464, Испытательное оборудование 
1081-12-0,1081-12-0, Испытательное оборудование 
1081-12-2,1081-12-2, Испытательное оборудование 
1081-18-0,1081-18-0, Испытательное оборудование 
1081-18-2,1081-18-2, Испытательное оборудование 
1081-24-2,1081-24-2, Испытательное оборудование 
1081-36-0,1081-36-0, Испытательное оборудование 
1081-36-2,1081-36-2, Испытательное оборудование 
1081-48-0,1081-48-0, Испытательное оборудование 
1081-60-2,1081-60-2, Испытательное оборудование 
1166-12-2,1166-12-2, Испытательное оборудование 
1166-48-0,1166-48-0, Испытательное оборудование 
1167-18,1167-18, Испытательное оборудование 
1167-24,1167-24, Испытательное оборудование 
1167-36,1167-36, Испытательное оборудование 
1325-0,1325-0, Испытательное оборудование 
1325-2,1325-2, Испытательное оборудование 
1325-3,1325-3, Испытательное оборудование 
1325-4,1325-4, Испытательное оборудование 
1325-5,1325-5, Испытательное оборудование 
1325-6,1325-6, Испытательное оборудование 
1325-7,1325-7, Испытательное оборудование 
1325-8,1325-8, Испытательное оборудование 
1325-9,1325-9, Испытательное оборудование 
1330-ST-0,1330-ST-0, Испытательное оборудование 
1368-A-36,1368-A-36, Испытательное оборудование 
1368-A-48,1368-A-48, Испытательное оборудование 
1368-A-60,1368-A-60, Испытательное оборудование 
1432-0,1432-0, Испытательное оборудование 
1440-12-0,1440-12-0, Испытательное оборудование 
1440-18-2,1440-18-2, Испытательное оборудование 
1440-24-2,1440-24-2, Испытательное оборудование 
1440-36-0,1440-36-0, Испытательное оборудование 
1581-2,1581-2, Испытательное оборудование 
1581-7,1581-7, Испытательное оборудование 
1581-8,1581-8, Испытательное оборудование 
1581-9,1581-9, Испытательное оборудование 
1614A-2,1614A-2, Испытательное оборудование 
1693-36-2,1693-36-2, Испытательное оборудование 
1693-6-2,1693-6-2, Испытательное оборудование 
1756-24,1756-24, Испытательное оборудование 
1756-48,1756-48, Испытательное оборудование 
1823-2,1823-2, Испытательное оборудование 
1825-9,1825-9, Испытательное оборудование 
1829-0,1829-0, Испытательное оборудование 
1829-2,1829-2, Испытательное оборудование 
1960-36-0,1960-36-0, Испытательное оборудование 
2035-2,2035-2, Испытательное оборудование 
2112,2112, Испытательное оборудование 
2138-2,2138-2, Испытательное оборудование 
2142-0,2142-0, Испытательное оборудование 
2142-2,2142-2, Испытательное оборудование 
2142-3,2142-3, Испытательное оборудование 
2142-5,2142-5, Испытательное оборудование 
2142-9,2142-9, Испытательное оборудование 
2143-2,2143-2, Испытательное оборудование 
2239-C-36,2239-C-36, Испытательное оборудование 
2382-0,2382-0, Испытательное оборудование 
2383-0,2383-0, Испытательное оборудование 
2439-0,2439-0, Испытательное оборудование 
2439-2,2439-2, Испытательное оборудование 
2854-5,2854-5, Испытательное оборудование 
2854-6,2854-6, Испытательное оборудование 
2854-9,2854-9, Испытательное оборудование 
2894-2,2894-2, Испытательное оборудование 
2945-0,2945-0, Испытательное оборудование 
2945-2,2945-2, Испытательное оборудование 
02.12.2948,02.12.2948, Испытательное оборудование 
2948-36-0,2948-36-0, Испытательное оборудование 
2948-36-2,2948-36-2, Испытательное оборудование 
2948-48-0,2948-48-0, Испытательное оборудование 
2948-48-2,2948-48-2, Испытательное оборудование 
2BA-18,2BA-18, Испытательное оборудование 
2BA-24,2BA-24, Испытательное оборудование 
2BA-36,2BA-36, Испытательное оборудование 
2BC-48,2BC-48, Испытательное оборудование 
2BC-PP-48,2BC-PP-48, Испытательное оборудование 
3014-36-0,3014-36-0, Испытательное оборудование 
3014-36-2,3014-36-2, Испытательное оборудование 
3014-60-2,3014-60-2, Испытательное оборудование 
3027-K-24,3027-K-24, Испытательное оборудование 
3220-24-0,3220-24-0, Испытательное оборудование 
3220-24-2,3220-24-2, Испытательное оборудование 
3220-36-0,3220-36-0, Испытательное оборудование 
3258,3258, Испытательное оборудование 
3272,3272, Испытательное оборудование 
3291,3291, Испытательное оборудование 
3364-0,3364-0, Испытательное оборудование 
3364-2,3364-2, Испытательное оборудование 
3548-0,3548-0, Испытательное оборудование 
3564-0,3564-0, Испытательное оборудование 
3603,3603, Испытательное оборудование 
3742,3742, Испытательное оборудование 
R414440000,R414440000, Испытательное оборудование 
3744A-02,3744A-02, Испытательное оборудование 
3750-1,3750-1, Испытательное оборудование 
3750-4,3750-4, Испытательное оборудование 
3750-7,3750-7, Испытательное оборудование 
3750-8,3750-8, Испытательное оборудование 
3750-9,3750-9, Испытательное оборудование 
3760-3,3760-3, Испытательное оборудование 
3760-4,3760-4, Испытательное оборудование 
3760-7,3760-7, Испытательное оборудование 
3760-8,3760-8, Испытательное оборудование 
3760-9,3760-9, Испытательное оборудование 
3777A-02,3777A-02, Испытательное оборудование 
3780-60-0,3780-60-0, Испытательное оборудование 
3780-60-2,3780-60-2, Испытательное оборудование 
05.12.3781,05.12.3781, Испытательное оборудование 
06.12.3781,06.12.3781, Испытательное оборудование 
07.12.3781,07.12.3781, Испытательное оборудование 
3781-18-5,3781-18-5, Испытательное оборудование 
3781-24-02,3781-24-02, Испытательное оборудование 
3781-24-1,3781-24-1, Испытательное оборудование 
3781-24-4,3781-24-4, Испытательное оборудование 
3781-24-5,3781-24-5, Испытательное оборудование 
3781-24-8,3781-24-8, Испытательное оборудование 
3781-36-0,3781-36-0, Испытательное оборудование 
3781-36-8,3781-36-8, Испытательное оборудование 
3781-36-9,3781-36-9, Испытательное оборудование 
3781-48-0,3781-48-0, Испытательное оборудование 
3781-48-2,3781-48-2, Испытательное оборудование 
3781-48-5,3781-48-5, Испытательное оборудование 
3781-60-1,3781-60-1, Испытательное оборудование 
3781-60-2,3781-60-2, Испытательное оборудование 
3781-60-3,3781-60-3, Испытательное оборудование 
3781-60-4,3781-60-4, Испытательное оборудование 
3781-60-5,3781-60-5, Испытательное оборудование 
3781-8-0,3781-8-0, Испытательное оборудование 
01.08.3781,01.08.3781, Испытательное оборудование 
04.08.3781,04.08.3781, Испытательное оборудование 
05.08.3781,05.08.3781, Испытательное оборудование 
07.08.3781,07.08.3781, Испытательное оборудование 
06.12.3782,06.12.3782, Испытательное оборудование 
3782-24-5,3782-24-5, Испытательное оборудование 
3782-36-6,3782-36-6, Испытательное оборудование 
3782-60-0,3782-60-0, Испытательное оборудование 
3782-60-2,3782-60-2, Испытательное оборудование 
3786-C-48,3786-C-48, Испытательное оборудование 
3834-0,3834-0, Испытательное оборудование 
3863-0,3863-0, Испытательное оборудование 
3925-1,3925-1, Испытательное оборудование 
3925-2,3925-2, Испытательное оборудование 
3925-3,3925-3, Испытательное оборудование 
3925-5,3925-5, Испытательное оборудование 
3925-7,3925-7, Испытательное оборудование 
3925-9,3925-9, Испытательное оборудование 
4005-0,4005-0, Испытательное оборудование 
4005-2,4005-2, Испытательное оборудование 
4044,4044, Испытательное оборудование 
4108-10DB,4108-10DB, Испытательное оборудование 
4108-14DB,4108-14DB, Испытательное оборудование 
4108-3DB,4108-3DB, Испытательное оборудование 
4108-6DB,4108-6DB, Испытательное оборудование 
4119-50,4119-50, Испытательное оборудование 
4233-2,4233-2, Испытательное оборудование 
4233-5,4233-5, Испытательное оборудование 
4233-9,4233-9, Испытательное оборудование 
4245,4245, Испытательное оборудование 
4279-36,4279-36, Испытательное оборудование 
4391-75,4391-75, Испытательное оборудование 
4521-2,4521-2, Испытательное оборудование 
4530-C-18,4530-C-18, Испытательное оборудование 
4530-C-48,4530-C-48, Испытательное оборудование 
4531-C-18,4531-C-18, Испытательное оборудование 
4531-C-60,4531-C-60, Испытательное оборудование 
4532-C-36,4532-C-36, Испытательное оборудование 
4532-C-48,4532-C-48, Испытательное оборудование 
4543-2,4543-2, Испытательное оборудование 
4590-0,4590-0, Испытательное оборудование 
02.12.4613,02.12.4613, Испытательное оборудование 
4613-24-2,4613-24-2, Испытательное оборудование 
4613-36-2,4613-36-2, Испытательное оборудование 
4619-0,4619-0, Испытательное оборудование 
4650-24-0,4650-24-0, Испытательное оборудование 
4650-36-0,4650-36-0, Испытательное оборудование 
4653-0,4653-0, Испытательное оборудование 
4654-0,4654-0, Испытательное оборудование 
4655,4655, Испытательное оборудование 
4702-24-0,4702-24-0, Испытательное оборудование 
4702-36-0,4702-36-0, Испытательное оборудование 
4702-48-0,4702-48-0, Испытательное оборудование 
4702-48-2,4702-48-2, Испытательное оборудование 
4741-12-0,4741-12-0, Испытательное оборудование 
4741-24-0,4741-24-0, Испытательное оборудование 
4741-24-2,4741-24-2, Испытательное оборудование 
4741-6-0,4741-6-0, Испытательное оборудование 
4768-K-36,4768-K-36, Испытательное оборудование 
4770-0,4770-0, Испытательное оборудование 
4770-2,4770-2, Испытательное оборудование 
4771-36-0,4771-36-0, Испытательное оборудование 
5325A,5325A, Испытательное оборудование 
4771-36-2,4771-36-2, Испытательное оборудование 
4773-0,4773-0, Испытательное оборудование 
4773-6,4773-6, Испытательное оборудование 
4777-C-24,4777-C-24, Испытательное оборудование 
4777-K-24,4777-K-24, Испытательное оборудование 
4826-0,4826-0, Испытательное оборудование 
4892-2,4892-2, Испытательное оборудование 
4897-0,4897-0, Испытательное оборудование 
4897-2,4897-2, Испытательное оборудование 
4900-0,4900-0, Испытательное оборудование 
4911A-24-0,4911A-24-0, Испытательное оборудование 
4911A-24-2,4911A-24-2, Испытательное оборудование 
4911A-36-0,4911A-36-0, Испытательное оборудование 
4911A-36-2,4911A-36-2, Испытательное оборудование 
4933-0,4933-0, Испытательное оборудование 
4933-2,4933-2, Испытательное оборудование 
4934-2,4934-2, Испытательное оборудование 
4945-K-36,4945-K-36, Испытательное оборудование 
4945-K-60,4945-K-60, Испытательное оборудование 
4970,4970, Испытательное оборудование 
4986-0,4986-0, Испытательное оборудование 
4995-2,4995-2, Испытательное оборудование 
5026-60,5026-60, Испытательное оборудование 
5026N-60,5026N-60, Испытательное оборудование 
5053-24-0,5053-24-0, Испытательное оборудование 
5053-24-2,5053-24-2, Испытательное оборудование 
5053-36-2,5053-36-2, Испытательное оборудование 
5069,5069, Испытательное оборудование 
5133,5133, Испытательное оборудование 
5165-0,5165-0, Испытательное оборудование 
5167-2,5167-2, Испытательное оборудование 
5168-0,5168-0, Испытательное оборудование 
5187-C-24,5187-C-24, Испытательное оборудование 
5187-C-60,5187-C-60, Испытательное оборудование 
5187-K-24,5187-K-24, Испытательное оборудование 
5230-6,5230-6, Испытательное оборудование 
5233-0,5233-0, Испытательное оборудование 
5243-0,5243-0, Испытательное оборудование 
5243-2,5243-2, Испытательное оборудование 
5250,5250, Испытательное оборудование 
5280,5280, Испытательное оборудование 
5281,5281, Испытательное оборудование 
5291A-24-2,5291A-24-2, Испытательное оборудование 
5291A-36-0,5291A-36-0, Испытательное оборудование 
5291A-60-0,5291A-60-0, Испытательное оборудование 
5295-36-2,5295-36-2, Испытательное оборудование 
5301-12-0,5301-12-0, Испытательное оборудование 
5301-24-2,5301-24-2, Испытательное оборудование 
5302-24-0,5302-24-0, Испытательное оборудование 
5342,5342, Испытательное оборудование 
5343-C-60,5343-C-60, Испытательное оборудование 
5360-0,5360-0, Испытательное оборудование 
5360-2,5360-2, Испытательное оборудование 
5401,5401, Испытательное оборудование 
5402,5402, Испытательное оборудование 
5412-24-0,5412-24-0, Испытательное оборудование 
5423-C-24,5423-C-24, Испытательное оборудование 
5423-C-48,5423-C-48, Испытательное оборудование 
5514,5514, Испытательное оборудование 
5523,5523, Испытательное оборудование 
5532,5532, Испытательное оборудование 
5674C,5674C, Испытательное оборудование 
5677B,5677B, Испытательное оборудование 
5698,5698, Испытательное оборудование 
5699-0,5699-0, Испытательное оборудование 
5699-2,5699-2, Испытательное оборудование 
5699-4,5699-4, Испытательное оборудование 
5699-9,5699-9, Испытательное оборудование 
5700-0,5700-0, Испытательное оборудование 
5700-2,5700-2, Испытательное оборудование 
5700-4,5700-4, Испытательное оборудование 
5738,5738, Испытательное оборудование 
5742,5742, Испытательное оборудование 
5749-24,5749-24, Испытательное оборудование 
5749-36,5749-36, Испытательное оборудование 
5749-48,5749-48, Испытательное оборудование 
5749-72,5749-72, Испытательное оборудование 
5758,5758, Испытательное оборудование 
5777,5777, Испытательное оборудование 
5788-0,5788-0, Испытательное оборудование 
5795A,5795A, Испытательное оборудование 
5809A,5809A, Испытательное оборудование 
5827A,5827A, Испытательное оборудование 
5830-0,5830-0, Испытательное оборудование 
5830-2,5830-2, Испытательное оборудование 
5899A,5899A, Испытательное оборудование 
5900A_POM,5900A_POM, Испытательное оборудование 
5901B_POM,5901B_POM, Испытательное оборудование 
5904A_POM,5904A_POM, Испытательное оборудование 
5906A,5906A, Испытательное оборудование 
5907A-60,5907A-60, Испытательное оборудование 
5911B,5911B, Испытательное оборудование 
5912B,5912B, Испытательное оборудование 
5914,5914, Испытательное оборудование 
5931-0,5931-0, Испытательное оборудование 
5931-2,5931-2, Испытательное оборудование 
5931-9,5931-9, Испытательное оборудование 
5934-0,5934-0, Испытательное оборудование 
5934-2,5934-2, Испытательное оборудование 
5935-0,5935-0, Испытательное оборудование 
5953A,5953A, Испытательное оборудование 
5998A,5998A, Испытательное оборудование 
5998AL,5998AL, Испытательное оборудование 
6069A,6069A, Испытательное оборудование 
6101A_POM,6101A_POM, Испытательное оборудование 
6102A,6102A, Испытательное оборудование 
6172A,6172A, Испытательное оборудование 
6175,6175, Испытательное оборудование 
6232A,6232A, Испытательное оборудование 
6235,6235, Испытательное оборудование 
6244-48-0,6244-48-0, Испытательное оборудование 
6245-48-0,6245-48-0, Испытательное оборудование 
6248-12-0,6248-12-0, Испытательное оборудование 
02.12.6248,02.12.6248, Испытательное оборудование 
6249-24-2,6249-24-2, Испытательное оборудование 
6264B_POM,6264B_POM, Испытательное оборудование 
6266,6266, Испытательное оборудование 
6267,6267, Испытательное оборудование 
6283-C-48,6283-C-48, Испытательное оборудование 
6283-C-60,6283-C-60, Испытательное оборудование 
6303,6303, Испытательное оборудование 
6320-96,6320-96, Испытательное оборудование 
6341,6341, Испытательное оборудование 
6343,6343, Испытательное оборудование 
6351,6351, Испытательное оборудование 
6356-12,6356-12, Испытательное оборудование 
6356-24,6356-24, Испытательное оборудование 
6356-36,6356-36, Испытательное оборудование 
6357-36,6357-36, Испытательное оборудование 
6364,6364, Испытательное оборудование 
6384-02,6384-02, Испытательное оборудование 
6384-2,6384-2, Испытательное оборудование 
6411,6411, Испытательное оборудование 
6479,6479, Испытательное оборудование 
6481,6481, Испытательное оборудование 
6483-48-02,6483-48-02, Испытательное оборудование 
6495,6495, Испытательное оборудование 
6497,6497, Испытательное оборудование 
6499,6499, Испытательное оборудование 
6515-96,6515-96, Испытательное оборудование 
6523-96,6523-96, Испытательное оборудование 
6551,6551, Испытательное оборудование 
6576-24-2,6576-24-2, Испытательное оборудование 
6576-36-0,6576-36-0, Испытательное оборудование 
6727-2,6727-2, Испытательное оборудование 
6728-0,6728-0, Испытательное оборудование 
6878,6878, Испытательное оборудование 
6884,6884, Испытательное оборудование 
72902,72902, Испытательное оборудование 
72905-0,72905-0, Испытательное оборудование 
72905-2,72905-2, Испытательное оборудование 
72906-2,72906-2, Испытательное оборудование 
72907-20-0,72907-20-0, Испытательное оборудование 
72909,72909, Испытательное оборудование 
72914-0,72914-0, Испытательное оборудование 
72914-2,72914-2, Испытательное оборудование 
72918,72918, Испытательное оборудование 
72919-39-2,72919-39-2, Испытательное оборудование 
72920-20-2,72920-20-2, Испытательное оборудование 
72920-39-0,72920-39-0, Испытательное оборудование 
72922-2,72922-2, Испытательное оборудование 
72923-0,72923-0, Испытательное оборудование 
72925-2,72925-2, Испытательное оборудование 
72930-0,72930-0, Испытательное оборудование 
72930-1,72930-1, Испытательное оборудование 
72930-2,72930-2, Испытательное оборудование 
72930-8,72930-8, Испытательное оборудование 
72935,72935, Испытательное оборудование 
72936-39-0,72936-39-0, Испытательное оборудование 
72936-39-2,72936-39-2, Испытательное оборудование 
72942,72942, Испытательное оборудование 
73040,73040, Испытательное оборудование 
73085-0,73085-0, Испытательное оборудование 
73085-2,73085-2, Испытательное оборудование 
73085-4,73085-4, Испытательное оборудование 
73085-6,73085-6, Испытательное оборудование 
73086-6,73086-6, Испытательное оборудование 
73087-12-4,73087-12-4, Испытательное оборудование 
73087-12-6,73087-12-6, Испытательное оборудование 
73087-20-4,73087-20-4, Испытательное оборудование 
73087-24-4,73087-24-4, Испытательное оборудование 
73087-24-6,73087-24-6, Испытательное оборудование 
73087-36-4,73087-36-4, Испытательное оборудование 
73087-36-6,73087-36-6, Испытательное оборудование 
73087-6-4,73087-6-4, Испытательное оборудование 
73087-6-6,73087-6-6, Испытательное оборудование 
73087-72-0,73087-72-0, Испытательное оборудование 
73087-72-2,73087-72-2, Испытательное оборудование 
73087-72-4,73087-72-4, Испытательное оборудование 
73087-9-4,73087-9-4, Испытательное оборудование 
73088-0,73088-0, Испытательное оборудование 
7519A_POM,7519A_POM, Испытательное оборудование 
AL-B-24-2,AL-B-24-2, Испытательное оборудование 
AL-B-36-0,AL-B-36-0, Испытательное оборудование 
AL-B-36-02,AL-B-36-02, Испытательное оборудование 
AL-B-48-0,AL-B-48-0, Испытательное оборудование 
B-12-1,B-12-1, Испытательное оборудование 
B-12-6,B-12-6, Испытательное оборудование 
B-18-1,B-18-1, Испытательное оборудование 
B-18-3,B-18-3, Испытательное оборудование 
B-18-6,B-18-6, Испытательное оборудование 
B-18-7,B-18-7, Испытательное оборудование 
B-24-3,B-24-3, Испытательное оборудование 
B-24-7,B-24-7, Испытательное оборудование 
B-24-8,B-24-8, Испытательное оборудование 
B-36-1,B-36-1, Испытательное оборудование 
B-36-3,B-36-3, Испытательное оборудование 
B-4-1,B-4-1, Испытательное оборудование 
B-4-3,B-4-3, Испытательное оборудование 
B-48-1,B-48-1, Испытательное оборудование 
B-48-5,B-48-5, Испытательное оборудование 
B-48-6,B-48-6, Испытательное оборудование 
B-48-7,B-48-7, Испытательное оборудование 
B-4-9,B-4-9, Испытательное оборудование 
B-60-1,B-60-1, Испытательное оборудование 
B-60-3,B-60-3, Испытательное оборудование 
B-60-6,B-60-6, Испытательное оборудование 
B-60-7,B-60-7, Испытательное оборудование 
B-60-8,B-60-8, Испытательное оборудование 
B-72-7,B-72-7, Испытательное оборудование 
B-8-1,B-8-1, Испытательное оборудование 
B-8-5,B-8-5, Испытательное оборудование 
B-8-7,B-8-7, Испытательное оборудование 
B-8-9,B-8-9, Испытательное оборудование 
CK73041,CK73041, Испытательное оборудование 
EM1126-12-2#,EM1126-12-2#, Испытательное оборудование 
EM1126-36-0#,EM1126-36-0#, Испытательное оборудование 
EM1126-36-2#,EM1126-36-2#, Испытательное оборудование 
EM1126-48-0#,EM1126-48-0#, Испытательное оборудование 
EM1126-48-2#,EM1126-48-2#, Испытательное оборудование 
EM1440-24-9#,EM1440-24-9#, Испытательное оборудование 
EM2382-3,EM2382-3, Испытательное оборудование 
EM2439-3,EM2439-3, Испытательное оборудование 
EM2948-24-5,EM2948-24-5, Испытательное оборудование 
EM3782-12-1#,EM3782-12-1#, Испытательное оборудование 
EM3782-24-7,EM3782-24-7, Испытательное оборудование 
EM3782-24-8,EM3782-24-8, Испытательное оборудование 
EM3782-24-9#,EM3782-24-9#, Испытательное оборудование 
EM3782-48-1,EM3782-48-1, Испытательное оборудование 
EM3782-48-3,EM3782-48-3, Испытательное оборудование 
EM4555-4,EM4555-4, Испытательное оборудование 
EM4555-6,EM4555-6, Испытательное оборудование 
EM4650-60-0#,EM4650-60-0#, Испытательное оборудование 
EM4650-60-2#,EM4650-60-2#, Испытательное оборудование 
EM4702-12-2,EM4702-12-2, Испытательное оборудование 
EM4702-18-0,EM4702-18-0, Испытательное оборудование 
EM4702-60-0#,EM4702-60-0#, Испытательное оборудование 
EM4702-60-2#,EM4702-60-2#, Испытательное оборудование 
EM5053-12-0#,EM5053-12-0#, Испытательное оборудование 
EM5053-12-2#,EM5053-12-2#, Испытательное оборудование 
EM5223-168,EM5223-168, Испытательное оборудование 
EM5243-4#,EM5243-4#, Испытательное оборудование 
EMP-48-0#,EMP-48-0#, Испытательное оборудование 
EMP-48-2#,EMP-48-2#, Испытательное оборудование 
EMP-60-2#,EMP-60-2#, Испытательное оборудование 
HB-24-2,HB-24-2, Испытательное оборудование 
HB-36-0,HB-36-0, Испытательное оборудование 
HB-36-2,HB-36-2, Испытательное оборудование 
HB-36-7,HB-36-7, Испытательное оборудование 
HB-48-6,HB-48-6, Испытательное оборудование 
MDP-02,MDP-02, Испытательное оборудование 
MDP-3,MDP-3, Испытательное оборудование 
MDP-5,MDP-5, Испытательное оборудование 
MDP-7,MDP-7, Испытательное оборудование 
MDP-8,MDP-8, Испытательное оборудование 
MDP-S-9,MDP-S-9, Испытательное оборудование 
MG-B-12-0,MG-B-12-0, Испытательное оборудование 
MG-B-24-0,MG-B-24-0, Испытательное оборудование 
P-12-4,P-12-4, Испытательное оборудование 
P-18-2,P-18-2, Испытательное оборудование 
P-36-0,P-36-0, Испытательное оборудование 
P-36-2,P-36-2, Испытательное оборудование 
P-4-2,P-4-2, Испытательное оборудование 
211011-01,211011-01, Испытательное оборудование 
211011-06,211011-06, Испытательное оборудование 
211012-06,211012-06, Испытательное оборудование 
211018-06,211018-06, Испытательное оборудование 
212004-01,212004-01, Испытательное оборудование 
212013-01,212013-01, Испытательное оборудование 
221001-01,221001-01, Испытательное оборудование 
221002-01,221002-01, Испытательное оборудование 
223020-01,223020-01, Испытательное оборудование 
223021-01,223021-01, Испытательное оборудование 
223053-01,223053-01, Испытательное оборудование 
232002-06,232002-06, Испытательное оборудование 
232010-06,232010-06, Испытательное оборудование 
233002-06,233002-06, Испытательное оборудование 
233003-06,233003-06, Испытательное оборудование 
233057-01,233057-01, Испытательное оборудование 
233058-01,233058-01, Испытательное оборудование 
233080-06,233080-06, Испытательное оборудование 
233082-06,233082-06, Испытательное оборудование 
233086-06,233086-06, Испытательное оборудование 
R414450000,R414450000, Испытательное оборудование 
240003-06,240003-06, Испытательное оборудование 
240009-06,240009-06, Испытательное оборудование 
242003-06,242003-06, Испытательное оборудование 
311007-01,311007-01, Испытательное оборудование 
311010-01,311010-01, Испытательное оборудование 
311013-01,311013-01, Испытательное оборудование 
311016-01,311016-01, Испытательное оборудование 
311019-01,311019-01, Испытательное оборудование 
311275-01,311275-01, Испытательное оборудование 
311329-01,311329-01, Испытательное оборудование 
311330-01,311330-01, Испытательное оборудование 
312007-01,312007-01, Испытательное оборудование 
312010-01,312010-01, Испытательное оборудование 
312011-01,312011-01, Испытательное оборудование 
312021-01,312021-01, Испытательное оборудование 
312024-01,312024-01, Испытательное оборудование 
312126-01,312126-01, Испытательное оборудование 
313001-01,313001-01, Испытательное оборудование 
313003-01,313003-01, Испытательное оборудование 
313006-01,313006-01, Испытательное оборудование 
313011-01,313011-01, Испытательное оборудование 
313014-01,313014-01, Испытательное оборудование 
315005-01,315005-01, Испытательное оборудование 
315008-01,315008-01, Испытательное оборудование 
318002-01,318002-01, Испытательное оборудование 
318004-01,318004-01, Испытательное оборудование 
318005-01,318005-01, Испытательное оборудование 
318007-01,318007-01, Испытательное оборудование 
319002-T01,319002-T01, Испытательное оборудование 
360007-01,360007-01, Испытательное оборудование 
363012-D01,363012-D01, Испытательное оборудование 
363014-D01,363014-D01, Испытательное оборудование 
364002-D01,364002-D01, Испытательное оборудование 
364002-D06,364002-D06, Испытательное оборудование 
364012-01,364012-01, Испытательное оборудование 
364018-06,364018-06, Испытательное оборудование 
366042-D01,366042-D01, Испытательное оборудование 
367003-D01,367003-D01, Испытательное оборудование 
369003-E01,369003-E01, Испытательное оборудование 
369004-E01,369004-E01, Испытательное оборудование 
370021-01,370021-01, Испытательное оборудование 
373003-A01,373003-A01, Испытательное оборудование 
373008-01,373008-01, Испытательное оборудование 
374003-A01,374003-A01, Испытательное оборудование 
R414460000,R414460000, Испытательное оборудование 
374003-A01-HB1,374003-A01-HB1, Испытательное оборудование 
374009-01,374009-01, Испытательное оборудование 
377003-E01,377003-E01, Испытательное оборудование 
377009-01,377009-01, Испытательное оборудование 
378001-E01,378001-E01, Испытательное оборудование 
378005-01,378005-01, Испытательное оборудование 
380002-E01,380002-E01, Испытательное оборудование 
380007-01,380007-01, Испытательное оборудование 
386001-E01,386001-E01, Испытательное оборудование 
387002-E01,387002-E01, Испытательное оборудование 
390002-01,390002-01, Испытательное оборудование 
390003-01,390003-01, Испытательное оборудование 
390004-01,390004-01, Испытательное оборудование 
392008-01-ER,392008-01-ER, Испытательное оборудование 
398001-01,398001-01, Испытательное оборудование 
398002-01,398002-01, Испытательное оборудование 
398006-01,398006-01, Испытательное оборудование 
399012-01,399012-01, Испытательное оборудование 
730-00_00,730-00_00, Испытательное оборудование 
730-00_05,730-00_05, Испытательное оборудование 
R411803121,R411803121, Испытательное оборудование 
R411810124,R411810124, Испытательное оборудование 
R412410124,R412410124, Испытательное оборудование 
R412420124,R412420124, Испытательное оборудование 
R412510124,R412510124, Испытательное оборудование 
R412703124,R412703124, Испытательное оборудование 
R412706124,R412706124, Испытательное оборудование 
R412710124,R412710124, Испытательное оборудование 
R413203150,R413203150, Испытательное оборудование 
R413206150,R413206150, Испытательное оборудование 
R413310150,R413310150, Испытательное оборудование 
R413330150,R413330150, Испытательное оборудование 
R413803000,R413803000, Испытательное оборудование 
R413806000,R413806000, Испытательное оборудование 
R413806150,R413806150, Испытательное оборудование 
R413810000,R413810000, Испытательное оборудование 
R413820000,R413820000, Испытательное оборудование 
R414420150,R414420150, Испытательное оборудование 
R414506150,R414506150, Испытательное оборудование 
R414703000,R414703000, Испытательное оборудование 
R414706000,R414706000, Испытательное оборудование 
R414710000,R414710000, Испытательное оборудование 
R414710161,R414710161, Испытательное оборудование 
R414720150,R414720150, Испытательное оборудование 
R415603000,R415603000, Испытательное оборудование 
R415606000,R415606000, Испытательное оборудование 
R415620000,R415620000, Испытательное оборудование 
R417720118,R417720118, Испытательное оборудование 
R928112000,R928112000, Испытательное оборудование 
R928114000,R928114000, Испытательное оборудование 
R941921001,R941921001, Испытательное оборудование 
IL13-C14-SVT-3100-183,IL13-C14-SVT-3100-183, Испытательное оборудование 
IL13P-US1-SJT-3160-275,IL13P-US1-SJT-3160-275, Испытательное оборудование 
IL13P-US1-SJT-3160-366,IL13P-US1-SJT-3160-366, Испытательное оборудование 
IL13-US1-SVT-3100-183,IL13-US1-SVT-3100-183, Испытательное оборудование 
IL13-US2-SJT-3100-183,IL13-US2-SJT-3100-183, Испытательное оборудование 
IL13-US2-SJT-3100-275,IL13-US2-SJT-3100-275, Испытательное оборудование 
IL13-US2-SJT-3100-366,IL13-US2-SJT-3100-366, Испытательное оборудование 
IL19-SE-H05-3150-200,IL19-SE-H05-3150-200, Испытательное оборудование 
IL19-US1-SJT-3160-183,IL19-US1-SJT-3160-183, Испытательное оборудование 
RE8RB11BUTQ,RE8RB11BUTQ, Испытательное оборудование 
RE8TA61BUTQ,RE8TA61BUTQ, Испытательное оборудование 
REXL4TMBD,REXL4TMBD, Испытательное оборудование 
0040.1021,0040.1021, Испытательное оборудование 
0040.1024,0040.1024, Испытательное оборудование 
0040.1101,0040.1101, Испытательное оборудование 
4300.0920,4300.0920, Испытательное оборудование 
6004.0215,6004.0215, Испытательное оборудование 
6004.0395,6004.0395, Испытательное оборудование 
6007.0212,6007.0212, Испытательное оборудование 
6007.0214,6007.0214, Испытательное оборудование 
6009.1214,6009.1214, Испытательное оборудование 
6009.5195,6009.5195, Испытательное оборудование 
6010.5274,6010.5274, Испытательное оборудование 
6011.0215,6011.0215, Испытательное оборудование 
6013.0474,6013.0474, Испытательное оборудование 
6013.0478,6013.0478, Испытательное оборудование 
6043.0114,6043.0114, Испытательное оборудование 
6051.0015,6051.0015, Испытательное оборудование 
6051.2001,6051.2001, Испытательное оборудование 
6051.2004,6051.2004, Испытательное оборудование 
6051.2006,6051.2006, Испытательное оборудование 
6051.2008,6051.2008, Испытательное оборудование 
6051.2015,6051.2015, Испытательное оборудование 
6051.2016,6051.2016, Испытательное оборудование 
6051.2031,6051.2031, Испытательное оборудование 
6051.2032,6051.2032, Испытательное оборудование 
6051.2037,6051.2037, Испытательное оборудование 
6051.2043,6051.2043, Испытательное оборудование 
6051.2048,6051.2048, Испытательное оборудование 
6051.2063,6051.2063, Испытательное оборудование 
6051.2067,6051.2067, Испытательное оборудование 
6051.2070,6051.2070, Испытательное оборудование 
6051.2071,6051.2071, Испытательное оборудование 
6051.2072,6051.2072, Испытательное оборудование 
6051.2077,6051.2077, Испытательное оборудование 
6051.2083,6051.2083, Испытательное оборудование 
6051.2093,6051.2093, Испытательное оборудование 
6051.2158,6051.2158, Испытательное оборудование 
6051.2160,6051.2160, Испытательное оборудование 
CTC021,CTC021, Испытательное оборудование 
CTC113-6FT,CTC113-6FT, Испытательное оборудование 
CTC115-6FT,CTC115-6FT, Испытательное оборудование 
CTM048-21,CTM048-21, Испытательное оборудование 
132-0910,132-0910, Испытательное оборудование 
60,60, Испытательное оборудование 
120,120, Испытательное оборудование 
125,125, Испытательное оборудование 
130,130, Испытательное оборудование 
177,177, Испытательное оборудование 
210,210, Испытательное оборудование 
270,270, Испытательное оборудование 
280,280, Испытательное оборудование 
300,300, Испытательное оборудование 
440,440, Испытательное оборудование 
530,530, Испытательное оборудование 
545,545, Испытательное оборудование 
827,827, Испытательное оборудование 
1030,1030, Испытательное оборудование 
1040,1040, Испытательное оборудование 
1240,1240, Испытательное оборудование 
1297,1297, Испытательное оборудование 
1305,1305, Испытательное оборудование 
1317,1317, Испытательное оборудование 
1340,1340, Испытательное оборудование 
1350,1350, Испытательное оборудование 
1360,1360, Испытательное оборудование 
1400,1400, Испытательное оборудование 
1430,1430, Испытательное оборудование 
1440,1440, Испытательное оборудование 
1450,1450, Испытательное оборудование 
1460,1460, Испытательное оборудование 
1540,1540, Испытательное оборудование 
1660,1660, Испытательное оборудование 
1680,1680, Испытательное оборудование 
1710,1710, Испытательное оборудование 
1760,1760, Испытательное оборудование 
1800,1800, Испытательное оборудование 
2260,2260, Испытательное оборудование 
2310,2310, Испытательное оборудование 
2435,2435, Испытательное оборудование 
2436,2436, Испытательное оборудование 
2440,2440, Испытательное оборудование 
2480,2480, Испытательное оборудование 
2490,2490, Испытательное оборудование 
2510,2510, Испытательное оборудование 
2570,2570, Испытательное оборудование 
2580,2580, Испытательное оборудование 
2599,2599, Испытательное оборудование 
2619,2619, Испытательное оборудование 
2840,2840, Испытательное оборудование 
2870,2870, Испытательное оборудование 
2890,2890, Испытательное оборудование 
3170,3170, Испытательное оборудование 
3180,3180, Испытательное оборудование 
3190,3190, Испытательное оборудование 
3260,3260, Испытательное оборудование 
3270,3270, Испытательное оборудование 
3320,3320, Испытательное оборудование 
3345,3345, Испытательное оборудование 
3600,3600, Испытательное оборудование 
3761,3761, Испытательное оборудование 
3771,3771, Испытательное оборудование 
3810,3810, Испытательное оборудование 
3841,3841, Испытательное оборудование 
3851,3851, Испытательное оборудование 
3861,3861, Испытательное оборудование 
3961,3961, Испытательное оборудование 
3990,3990, Испытательное оборудование 
4020,4020, Испытательное оборудование 
4120,4120, Испытательное оборудование 
4140,4140, Испытательное оборудование 
4150,4150, Испытательное оборудование 
4243,4243, Испытательное оборудование 
4248,4248, Испытательное оборудование 
4261,4261, Испытательное оборудование 
4298,4298, Испытательное оборудование 
4301,4301, Испытательное оборудование 
4302,4302, Испытательное оборудование 
4303,4303, Испытательное оборудование 
4304,4304, Испытательное оборудование 
4306,4306, Испытательное оборудование 
4310,4310, Испытательное оборудование 
4311,4311, Испытательное оборудование 
4371,4371, Испытательное оборудование 
4381,4381, Испытательное оборудование 
4391,4391, Испытательное оборудование 
4430,4430, Испытательное оборудование 
4461,4461, Испытательное оборудование 
4471,4471, Испытательное оборудование 
4490,4490, Испытательное оборудование 
4491,4491, Испытательное оборудование 
4530,4530, Испытательное оборудование 
4601,4601, Испытательное оборудование 
4602,4602, Испытательное оборудование 
4604,4604, Испытательное оборудование 
4640,4640, Испытательное оборудование 
4680,4680, Испытательное оборудование 
4710,4710, Испытательное оборудование 
4790,4790, Испытательное оборудование 
4820,4820, Испытательное оборудование 
4860,4860, Испытательное оборудование 
4960,4960, Испытательное оборудование 
4980,4980, Испытательное оборудование 
5000,5000, Испытательное оборудование 
5070,5070, Испытательное оборудование 
5090,5090, Испытательное оборудование 
5130,5130, Испытательное оборудование 
5140,5140, Испытательное оборудование 
5150,5150, Испытательное оборудование 
5180,5180, Испытательное оборудование 
5190,5190, Испытательное оборудование 
5210,5210, Испытательное оборудование 
5220,5220, Испытательное оборудование 
5240,5240, Испытательное оборудование 
5460,5460, Испытательное оборудование 
5500,5500, Испытательное оборудование 
5510,5510, Испытательное оборудование 
5550,5550, Испытательное оборудование 
5570,5570, Испытательное оборудование 
5580,5580, Испытательное оборудование 
5630,5630, Испытательное оборудование 
5690,5690, Испытательное оборудование 
5810,5810, Испытательное оборудование 
5880,5880, Испытательное оборудование 
5990,5990, Испытательное оборудование 
6165,6165, Испытательное оборудование 
6171,6171, Испытательное оборудование 
06171-NIST,06171-NIST, Испытательное оборудование 
6220,6220, Испытательное оборудование 
6250,6250, Испытательное оборудование 
6280,6280, Испытательное оборудование 
6292,6292, Испытательное оборудование 
6300,6300, Испытательное оборудование 
6320,6320, Испытательное оборудование 
6330,6330, Испытательное оборудование 
6350,6350, Испытательное оборудование 
6370,6370, Испытательное оборудование 
6380,6380, Испытательное оборудование 
6400,6400, Испытательное оборудование 
6410,6410, Испытательное оборудование 
6420,6420, Испытательное оборудование 
6508,6508, Испытательное оборудование 
6550,6550, Испытательное оборудование 
6570,6570, Испытательное оборудование 
6620,6620, Испытательное оборудование 
6625,6625, Испытательное оборудование 
6700,6700, Испытательное оборудование 
6707,6707, Испытательное оборудование 
6708,6708, Испытательное оборудование 
6714,6714, Испытательное оборудование 
6715,6715, Испытательное оборудование 
6716,6716, Испытательное оборудование 
6820,6820, Испытательное оборудование 
6840,6840, Испытательное оборудование 
6850,6850, Испытательное оборудование 
6860,6860, Испытательное оборудование 
6870,6870, Испытательное оборудование 
6960,6960, Испытательное оборудование 
6970,6970, Испытательное оборудование 
7010,7010, Испытательное оборудование 
7028,7028, Испытательное оборудование 
7031,7031, Испытательное оборудование 
7120,7120, Испытательное оборудование 
7150,7150, Испытательное оборудование 
7160,7160, Испытательное оборудование 
7190,7190, Испытательное оборудование 
7280,7280, Испытательное оборудование 
7300,7300, Испытательное оборудование 
7330,7330, Испытательное оборудование 
7350,7350, Испытательное оборудование 
7400,7400, Испытательное оборудование 
7410,7410, Испытательное оборудование 
7440,7440, Испытательное оборудование 
7495,7495, Испытательное оборудование 
7530,7530, Испытательное оборудование 
7545,7545, Испытательное оборудование 
7550,7550, Испытательное оборудование 
7560,7560, Испытательное оборудование 
7640,7640, Испытательное оборудование 
7650,7650, Испытательное оборудование 
7660,7660, Испытательное оборудование 
7670,7670, Испытательное оборудование 
7690,7690, Испытательное оборудование 
7720,7720, Испытательное оборудование 
7740,7740, Испытательное оборудование 
7810,7810, Испытательное оборудование 
8300,8300, Испытательное оборудование 
8360,8360, Испытательное оборудование 
8370,8370, Испытательное оборудование 
8371,8371, Испытательное оборудование 
8420,8420, Испытательное оборудование 
8500,8500, Испытательное оборудование 
8540,8540, Испытательное оборудование 
8552,8552, Испытательное оборудование 
8554,8554, Испытательное оборудование 
8561,8561, Испытательное оборудование 
8565,8565, Испытательное оборудование 
8566,8566, Испытательное оборудование 
8690,8690, Испытательное оборудование 
8730,8730, Испытательное оборудование 
8750,8750, Испытательное оборудование 
8780,8780, Испытательное оборудование 
8940,8940, Испытательное оборудование 
9030,9030, Испытательное оборудование 
9060,9060, Испытательное оборудование 
9130,9130, Испытательное оборудование 
9140,9140, Испытательное оборудование 
9160,9160, Испытательное оборудование 
9170,9170, Испытательное оборудование 
9180,9180, Испытательное оборудование 
9440,9440, Испытательное оборудование 
9450,9450, Испытательное оборудование 
9460,9460, Испытательное оборудование 
9500,9500, Испытательное оборудование 
9540,9540, Испытательное оборудование 
9547,9547, Испытательное оборудование 
9548,9548, Испытательное оборудование 
9549,9549, Испытательное оборудование 
9560,9560, Испытательное оборудование 
9580,9580, Испытательное оборудование 
9590,9590, Испытательное оборудование 
9620,9620, Испытательное оборудование 
9660,9660, Испытательное оборудование 
9715,9715, Испытательное оборудование 
9720,9720, Испытательное оборудование 
9860,9860, Испытательное оборудование 
9870,9870, Испытательное оборудование 
9920,9920, Испытательное оборудование 
9940,9940, Испытательное оборудование 
9960,9960, Испытательное оборудование 
R414501000,R414501000, Испытательное оборудование 
9970,9970, Испытательное оборудование 
9980,9980, Испытательное оборудование 
9990,9990, Испытательное оборудование 
10000,10000, Испытательное оборудование 
10015,10015, Испытательное оборудование 
10016,10016, Испытательное оборудование 
10017,10017, Испытательное оборудование 
10018,10018, Испытательное оборудование 
10070,10070, Испытательное оборудование 
10230,10230, Испытательное оборудование 
10250,10250, Испытательное оборудование 
10300,10300, Испытательное оборудование 
10310,10310, Испытательное оборудование 
10340,10340, Испытательное оборудование 
10714,10714, Испытательное оборудование 
10760,10760, Испытательное оборудование 
10780,10780, Испытательное оборудование 
10900,10900, Испытательное оборудование 
10940,10940, Испытательное оборудование 
10960,10960, Испытательное оборудование 
10970,10970, Испытательное оборудование 
10975,10975, Испытательное оборудование 
10980,10980, Испытательное оборудование 
12211,12211, Испытательное оборудование 
12226,12226, Испытательное оборудование 
12388,12388, Испытательное оборудование 
 12388-NIST W_DATA , 12388-NIST W_DATA , Испытательное оборудование 
12389,12389, Испытательное оборудование 
12395-NIST,12395-NIST, Испытательное оборудование 
12645,12645, Испытательное оборудование 
12648,12648, Испытательное оборудование 
12681,12681, Испытательное оборудование 
15004,15004, Испытательное оборудование 
15012,15012, Испытательное оборудование 
15013,15013, Испытательное оборудование 
15014,15014, Испытательное оборудование 
15017,15017, Испытательное оборудование 
15022,15022, Испытательное оборудование 
15024,15024, Испытательное оборудование 
15025,15025, Испытательное оборудование 
15027,15027, Испытательное оборудование 
15030,15030, Испытательное оборудование 
15031,15031, Испытательное оборудование 
15033,15033, Испытательное оборудование 
15036,15036, Испытательное оборудование 
15039,15039, Испытательное оборудование 
15045,15045, Испытательное оборудование 
15048,15048, Испытательное оборудование 
15049,15049, Испытательное оборудование 
15051,15051, Испытательное оборудование 
15053,15053, Испытательное оборудование 
15054,15054, Испытательное оборудование 
15077,15077, Испытательное оборудование 
15081,15081, Испытательное оборудование 
15082,15082, Испытательное оборудование 
15105,15105, Испытательное оборудование 
15112,15112, Испытательное оборудование 
15121,15121, Испытательное оборудование 
15122,15122, Испытательное оборудование 
16005,16005, Испытательное оборудование 
16020,16020, Испытательное оборудование 
16040,16040, Испытательное оборудование 
16045,16045, Испытательное оборудование 
16055,16055, Испытательное оборудование 
16062,16062, Испытательное оборудование 
16085,16085, Испытательное оборудование 
16157,16157, Испытательное оборудование 
16175,16175, Испытательное оборудование 
16185,16185, Испытательное оборудование 
17400,17400, Испытательное оборудование 
17401,17401, Испытательное оборудование 
17402,17402, Испытательное оборудование 
17403,17403, Испытательное оборудование 
17404,17404, Испытательное оборудование 
17416,17416, Испытательное оборудование 
17419,17419, Испытательное оборудование 
17420,17420, Испытательное оборудование 
17425,17425, Испытательное оборудование 
17431,17431, Испытательное оборудование 
17434,17434, Испытательное оборудование 
17438,17438, Испытательное оборудование 
17443,17443, Испытательное оборудование 
17445,17445, Испытательное оборудование 
17446,17446, Испытательное оборудование 
17448,17448, Испытательное оборудование 
17449,17449, Испытательное оборудование 
17450,17450, Испытательное оборудование 
17451,17451, Испытательное оборудование 
17452,17452, Испытательное оборудование 
17460,17460, Испытательное оборудование 
17462,17462, Испытательное оборудование 
17475,17475, Испытательное оборудование 
17476,17476, Испытательное оборудование 
17477,17477, Испытательное оборудование 
17480,17480, Испытательное оборудование 
17481,17481, Испытательное оборудование 
17483,17483, Испытательное оборудование 
17484,17484, Испытательное оборудование 
17487,17487, Испытательное оборудование 
17490,17490, Испытательное оборудование 
17498,17498, Испытательное оборудование 
17500,17500, Испытательное оборудование 
17501,17501, Испытательное оборудование 
17502,17502, Испытательное оборудование 
17505,17505, Испытательное оборудование 
17507,17507, Испытательное оборудование 
17508,17508, Испытательное оборудование 
17509,17509, Испытательное оборудование 
17510,17510, Испытательное оборудование 
17511,17511, Испытательное оборудование 
17512,17512, Испытательное оборудование 
17513,17513, Испытательное оборудование 
17516,17516, Испытательное оборудование 
17519,17519, Испытательное оборудование 
17520,17520, Испытательное оборудование 
17521,17521, Испытательное оборудование 
17523,17523, Испытательное оборудование 
17524,17524, Испытательное оборудование 
17529,17529, Испытательное оборудование 
17530,17530, Испытательное оборудование 
17531,17531, Испытательное оборудование 
17532,17532, Испытательное оборудование 
17534,17534, Испытательное оборудование 
17537,17537, Испытательное оборудование 
17539,17539, Испытательное оборудование 
17541,17541, Испытательное оборудование 
17543,17543, Испытательное оборудование 
17544,17544, Испытательное оборудование 
17546,17546, Испытательное оборудование 
17564,17564, Испытательное оборудование 
17565,17565, Испытательное оборудование 
17568,17568, Испытательное оборудование 
17573,17573, Испытательное оборудование 
17574,17574, Испытательное оборудование 
17588,17588, Испытательное оборудование 
17589,17589, Испытательное оборудование 
17590,17590, Испытательное оборудование 
17591,17591, Испытательное оборудование 
17595,17595, Испытательное оборудование 
17597,17597, Испытательное оборудование 
17600,17600, Испытательное оборудование 
17602,17602, Испытательное оборудование 
17608,17608, Испытательное оборудование 
17611,17611, Испытательное оборудование 
17619,17619, Испытательное оборудование 
17621,17621, Испытательное оборудование 
17623,17623, Испытательное оборудование 
17626,17626, Испытательное оборудование 
17630,17630, Испытательное оборудование 
17632,17632, Испытательное оборудование 
17642,17642, Испытательное оборудование 
17644,17644, Испытательное оборудование 
17665,17665, Испытательное оборудование 
17667,17667, Испытательное оборудование 
17671,17671, Испытательное оборудование 
17673,17673, Испытательное оборудование 
17680,17680, Испытательное оборудование 
17681,17681, Испытательное оборудование 
17688,17688, Испытательное оборудование 
17690,17690, Испытательное оборудование 
17691,17691, Испытательное оборудование 
17694,17694, Испытательное оборудование 
17695,17695, Испытательное оборудование 
17697,17697, Испытательное оборудование 
17699,17699, Испытательное оборудование 
17702,17702, Испытательное оборудование 
17704,17704, Испытательное оборудование 
17706,17706, Испытательное оборудование 
17710,17710, Испытательное оборудование 
17716,17716, Испытательное оборудование 
17717,17717, Испытательное оборудование 
17719,17719, Испытательное оборудование 
17720,17720, Испытательное оборудование 
17721,17721, Испытательное оборудование 
17725,17725, Испытательное оборудование 
17730,17730, Испытательное оборудование 
17739,17739, Испытательное оборудование 
17740,17740, Испытательное оборудование 
17742,17742, Испытательное оборудование 
17743,17743, Испытательное оборудование 
17744,17744, Испытательное оборудование 
17745,17745, Испытательное оборудование 
17746,17746, Испытательное оборудование 
17747,17747, Испытательное оборудование 
17748,17748, Испытательное оборудование 
17752,17752, Испытательное оборудование 
17753,17753, Испытательное оборудование 
17754,17754, Испытательное оборудование 
17760,17760, Испытательное оборудование 
17761,17761, Испытательное оборудование 
17764,17764, Испытательное оборудование 
17775,17775, Испытательное оборудование 
17776,17776, Испытательное оборудование 
17802,17802, Испытательное оборудование 
17803,17803, Испытательное оборудование 
17806,17806, Испытательное оборудование 
17815,17815, Испытательное оборудование 
17818,17818, Испытательное оборудование 
17821,17821, Испытательное оборудование 
17822,17822, Испытательное оборудование 
17823,17823, Испытательное оборудование 
17830,17830, Испытательное оборудование 
17832,17832, Испытательное оборудование 
17834,17834, Испытательное оборудование 
17844,17844, Испытательное оборудование 
17850,17850, Испытательное оборудование 
17851,17851, Испытательное оборудование 
17875,17875, Испытательное оборудование 
17879,17879, Испытательное оборудование 
17880,17880, Испытательное оборудование 
17881,17881, Испытательное оборудование 
17882,17882, Испытательное оборудование 
17883,17883, Испытательное оборудование 
17884,17884, Испытательное оборудование 
17885,17885, Испытательное оборудование 
17886,17886, Испытательное оборудование 
17890,17890, Испытательное оборудование 
17892,17892, Испытательное оборудование 
17895,17895, Испытательное оборудование 
17896,17896, Испытательное оборудование 
17897,17897, Испытательное оборудование 
17898,17898, Испытательное оборудование 
17902,17902, Испытательное оборудование 
17912,17912, Испытательное оборудование 
17914,17914, Испытательное оборудование 
17915,17915, Испытательное оборудование 
17917,17917, Испытательное оборудование 
17970,17970, Испытательное оборудование 
17973,17973, Испытательное оборудование 
17974,17974, Испытательное оборудование 
17981,17981, Испытательное оборудование 
17982,17982, Испытательное оборудование 
17983,17983, Испытательное оборудование 
17984,17984, Испытательное оборудование 
17989,17989, Испытательное оборудование 
17996,17996, Испытательное оборудование 
17997,17997, Испытательное оборудование 
21238,21238, Испытательное оборудование 
21239,21239, Испытательное оборудование 
21611,21611, Испытательное оборудование 
21612,21612, Испытательное оборудование 
21613,21613, Испытательное оборудование 
21616,21616, Испытательное оборудование 
21619,21619, Испытательное оборудование 
21621,21621, Испытательное оборудование 
21622,21622, Испытательное оборудование 
21624,21624, Испытательное оборудование 
21625,21625, Испытательное оборудование 
21628,21628, Испытательное оборудование 
21629,21629, Испытательное оборудование 
21630,21630, Испытательное оборудование 
21631,21631, Испытательное оборудование 
21632,21632, Испытательное оборудование 
21633,21633, Испытательное оборудование 
21636,21636, Испытательное оборудование 
21637,21637, Испытательное оборудование 
21642,21642, Испытательное оборудование 
21643,21643, Испытательное оборудование 
21644,21644, Испытательное оборудование 
21651,21651, Испытательное оборудование 
21653,21653, Испытательное оборудование 
21657,21657, Испытательное оборудование 
21659,21659, Испытательное оборудование 
21662,21662, Испытательное оборудование 
21663,21663, Испытательное оборудование 
21665,21665, Испытательное оборудование 
21666,21666, Испытательное оборудование 
21668,21668, Испытательное оборудование 
21669,21669, Испытательное оборудование 
21670,21670, Испытательное оборудование 
21676,21676, Испытательное оборудование 
21680,21680, Испытательное оборудование 
21681,21681, Испытательное оборудование 
21684,21684, Испытательное оборудование 
24501,24501, Испытательное оборудование 
24502,24502, Испытательное оборудование 
35024,35024, Испытательное оборудование 
35025,35025, Испытательное оборудование 
35026,35026, Испытательное оборудование 
35028,35028, Испытательное оборудование 
35036,35036, Испытательное оборудование 
35037,35037, Испытательное оборудование 
35040,35040, Испытательное оборудование 
35046,35046, Испытательное оборудование 
35049,35049, Испытательное оборудование 
35072,35072, Испытательное оборудование 
35076,35076, Испытательное оборудование 
35079,35079, Испытательное оборудование 
35085,35085, Испытательное оборудование 
35086,35086, Испытательное оборудование 
R414502161,R414502161, Испытательное оборудование 
35093,35093, Испытательное оборудование 
35096,35096, Испытательное оборудование 
35098,35098, Испытательное оборудование 
35103,35103, Испытательное оборудование 
35105,35105, Испытательное оборудование 
35106,35106, Испытательное оборудование 
35114,35114, Испытательное оборудование 
35116,35116, Испытательное оборудование 
35118,35118, Испытательное оборудование 
35120,35120, Испытательное оборудование 
35121,35121, Испытательное оборудование 
35124,35124, Испытательное оборудование 
35126,35126, Испытательное оборудование 
35127,35127, Испытательное оборудование 
35128,35128, Испытательное оборудование 
35129,35129, Испытательное оборудование 
35132,35132, Испытательное оборудование 
35133,35133, Испытательное оборудование 
35137,35137, Испытательное оборудование 
35144,35144, Испытательное оборудование 
35148,35148, Испытательное оборудование 
35152,35152, Испытательное оборудование 
35153,35153, Испытательное оборудование 
35155,35155, Испытательное оборудование 
35156,35156, Испытательное оборудование 
35157,35157, Испытательное оборудование 
35158,35158, Испытательное оборудование 
35160,35160, Испытательное оборудование 
35161,35161, Испытательное оборудование 
35163,35163, Испытательное оборудование 
35165,35165, Испытательное оборудование 
37002,37002, Испытательное оборудование 
40007,40007, Испытательное оборудование 
40007-NIST,40007-NIST, Испытательное оборудование 
40027,40027, Испытательное оборудование 
45022,45022, Испытательное оборудование 
45026,45026, Испытательное оборудование 
45028,45028, Испытательное оборудование 
45031,45031, Испытательное оборудование 
45066,45066, Испытательное оборудование 
6174,6174, Испытательное оборудование 
F35-1-11-0,F35-1-11-0, Испытательное оборудование 
F-35-1-12-0,F-35-1-12-0, Испытательное оборудование 
F35-1-13-0,F35-1-13-0, Испытательное оборудование 
F351210,F351210, Испытательное оборудование 
F35-1-23-0,F35-1-23-0, Испытательное оборудование 
F35-1-24-0,F35-1-24-0, Испытательное оборудование 
F35-1-33-0,F35-1-33-0, Испытательное оборудование 
F-35-1-45-0,F-35-1-45-0, Испытательное оборудование 
F35-1-66-0,F35-1-66-0, Испытательное оборудование 
F352730,F352730, Испытательное оборудование 
F353230,F353230, Испытательное оборудование 
F45-1-46-0,F45-1-46-0, Испытательное оборудование 
F45-1-66-0,F45-1-66-0, Испытательное оборудование 
F45-1-71-1,F45-1-71-1, Испытательное оборудование 
H335146040,H335146040, Испытательное оборудование 
H335-1-51-0-4-0,H335-1-51-0-4-0, Испытательное оборудование 
H335166100,H335166100, Испытательное оборудование 
H335171000,H335171000, Испытательное оборудование 
H335171020,H335171020, Испытательное оборудование 
H335181000,H335181000, Испытательное оборудование 
H335-1-81-0-2-0,H335-1-81-0-2-0, Испытательное оборудование 
H335182000,H335182000, Испытательное оборудование 
H335-3-11-0-0-0,H335-3-11-0-0-0, Испытательное оборудование 
H335-3-13-0-0-0,H335-3-13-0-0-0, Испытательное оборудование 
H335-3-13-1-0-0,H335-3-13-1-0-0, Испытательное оборудование 
H335435000,H335435000, Испытательное оборудование 
H335-4-53-0-0-0,H335-4-53-0-0-0, Испытательное оборудование 
H335481020,H335481020, Испытательное оборудование 
H340193020,H340193020, Испытательное оборудование 
H345211020,H345211020, Испытательное оборудование 
H345214601,H345214601, Испытательное оборудование 
H345226100,H345226100, Испытательное оборудование 
H345271020,H345271020, Испытательное оборудование 
 H345271020 NIST CERT W_O DATA , H345271020 NIST CERT W_O DATA , Испытательное оборудование 
H345271021,H345271021, Испытательное оборудование 
H345-2-81-0-4-0,H345-2-81-0-4-0, Испытательное оборудование 
H345313000,H345313000, Испытательное оборудование 
H345371010,H345371010, Испытательное оборудование 
M135-0-0-13-0,M135-0-0-13-0, Испытательное оборудование 
M135-0-0-14-0,M135-0-0-14-0, Испытательное оборудование 
M135-0-0-23-0,M135-0-0-23-0, Испытательное оборудование 
M135-1-0-13-1,M135-1-0-13-1, Испытательное оборудование 
M145-0-0-12-0,M145-0-0-12-0, Испытательное оборудование 
M145-0-0-13-0,M145-0-0-13-0, Испытательное оборудование 
M145-0-0-14-0,M145-0-0-14-0, Испытательное оборудование 
M145-0-0-23-0,M145-0-0-23-0, Испытательное оборудование 
M145-0-1-12-0,M145-0-1-12-0, Испытательное оборудование 
03AS122-K20S3,03AS122-K20S3, Испытательное оборудование 
M14502120,M14502120, Испытательное оборудование 
M145-1-0-12-1,M145-1-0-12-1, Испытательное оборудование 
M145-1-0-14-1,M145-1-0-14-1, Испытательное оборудование 
M145-1-0-23-1,M145-1-0-23-1, Испытательное оборудование 
M235-0-0-11-0,M235-0-0-11-0, Испытательное оборудование 
M235-0-0-13-0,M235-0-0-13-0, Испытательное оборудование 
M235-0-0-26-0,M235-0-0-26-0, Испытательное оборудование 
M235-0-0-32-0,M235-0-0-32-0, Испытательное оборудование 
M235-0-0-81-0,M235-0-0-81-0, Испытательное оборудование 
M23502110,M23502110, Испытательное оборудование 
M23502240,M23502240, Испытательное оборудование 
M235-0-2-71-0,M235-0-2-71-0, Испытательное оборудование 
M235-1-0-24-0,M235-1-0-24-0, Испытательное оборудование 
M235-1-0-31-0,M235-1-0-31-0, Испытательное оборудование 
M235-1-0-71-0,M235-1-0-71-0, Испытательное оборудование 
M23510730,M23510730, Испытательное оборудование 
M235-1-2-13-0,M235-1-2-13-0, Испытательное оборудование 
M23520710,M23520710, Испытательное оборудование 
M235-N06724,M235-N06724, Испытательное оборудование 
M245-0-0-14-0,M245-0-0-14-0, Испытательное оборудование 
M245-0-0-71-0,M245-0-0-71-0, Испытательное оборудование 
M24500730,M24500730, Испытательное оборудование 
M245-0-2-11-2,M245-0-2-11-2, Испытательное оборудование 
M245-0-2-13-0,M245-0-2-13-0, Испытательное оборудование 
M245-1-0-13-0,M245-1-0-13-0, Испытательное оборудование 
M245-1-0-14-0,M245-1-0-14-0, Испытательное оборудование 
M245-1-0-25-0,M245-1-0-25-0, Испытательное оборудование 
M245-1-0-33-0,M245-1-0-33-0, Испытательное оборудование 
M24510450,M24510450, Испытательное оборудование 
M245-1-2-14-0,M245-1-2-14-0, Испытательное оборудование 
M24520150,M24520150, Испытательное оборудование 
S660-1-1-2-1-0,S660-1-1-2-1-0, Испытательное оборудование 
S660-1-2-2-1-0,S660-1-2-2-1-0, Испытательное оборудование 
S663-1-1-0-0-0,S663-1-1-0-0-0, Испытательное оборудование 
S663-1-1-2-0-0,S663-1-1-2-0-0, Испытательное оборудование 
S664-1-1-0-1-0,S664-1-1-0-1-0, Испытательное оборудование 
S664-1-2-0-1-0,S664-1-2-0-1-0, Испытательное оборудование 
THJ0315,THJ0315, Испытательное оборудование 
TV1DAA001,TV1DAA001, Испытательное оборудование 
TV1DAA002,TV1DAA002, Испытательное оборудование 
TV1DAA020,TV1DAA020, Испытательное оборудование 
R414504000,R414504000, Испытательное оборудование 
TV1DAA030,TV1DAA030, Испытательное оборудование 
TV1DAA300,TV1DAA300, Испытательное оборудование 
TV1DAA5T5,TV1DAA5T5, Испытательное оборудование 
TV1DMA050,TV1DMA050, Испытательное оборудование 
TV1DMA100,TV1DMA100, Испытательное оборудование 
TV1DMA200,TV1DMA200, Испытательное оборудование 
TV1DMA300,TV1DMA300, Испытательное оборудование 
TV1DVV001,TV1DVV001, Испытательное оборудование 
TV1DVV005,TV1DVV005, Испытательное оборудование 
TV1DVV008,TV1DVV008, Испытательное оборудование 
TV1DVV015,TV1DVV015, Испытательное оборудование 
TV1DVV025,TV1DVV025, Испытательное оборудование 
TV1DVV300,TV1DVV300, Испытательное оборудование 
TV1DVV500,TV1DVV500, Испытательное оборудование 
TV1DVV750,TV1DVV750, Испытательное оборудование 
TV1RVV005,TV1RVV005, Испытательное оборудование 
TV1RVV010,TV1RVV010, Испытательное оборудование 
TV1RVV025,TV1RVV025, Испытательное оборудование 
TV1RVV100,TV1RVV100, Испытательное оборудование 
TV1RVV150,TV1RVV150, Испытательное оборудование 
TV1RVV250,TV1RVV250, Испытательное оборудование 
TV1TUA050,TV1TUA050, Испытательное оборудование 
TV2DAA005,TV2DAA005, Испытательное оборудование 
TV2DAA015,TV2DAA015, Испытательное оборудование 
TV2DAA025,TV2DAA025, Испытательное оборудование 
TV2DAA150,TV2DAA150, Испытательное оборудование 
TV2DAA300,TV2DAA300, Испытательное оборудование 
TV2DMA003,TV2DMA003, Испытательное оборудование 
TV2DMA005,TV2DMA005, Испытательное оборудование 
TV2DMA020,TV2DMA020, Испытательное оборудование 
TV2DMA050,TV2DMA050, Испытательное оборудование 
TV2DMA200,TV2DMA200, Испытательное оборудование 
TV2DMA250,TV2DMA250, Испытательное оборудование 
TV2DMA500,TV2DMA500, Испытательное оборудование 
TV2DMV050,TV2DMV050, Испытательное оборудование 
TV2DUA050,TV2DUA050, Испытательное оборудование 
TV2DUA100,TV2DUA100, Испытательное оборудование 
TV2DUA1H1,TV2DUA1H1, Испытательное оборудование 
TV2DUA200,TV2DUA200, Испытательное оборудование 
TV2DVV005,TV2DVV005, Испытательное оборудование 
TV2DVV150,TV2DVV150, Испытательное оборудование 
TV2DVV1TH,TV2DVV1TH, Испытательное оборудование 
TV2DVV300,TV2DVV300, Испытательное оборудование 
TV2DVV750,TV2DVV750, Испытательное оборудование 
TV2RVV010,TV2RVV010, Испытательное оборудование 
TV2RVV015,TV2RVV015, Испытательное оборудование 
TV2RVV025,TV2RVV025, Испытательное оборудование 
TV2RVV200,TV2RVV200, Испытательное оборудование 
TV2TUA015,TV2TUA015, Испытательное оборудование 
TV2TUA025,TV2TUA025, Испытательное оборудование 
TV2TUA050,TV2TUA050, Испытательное оборудование 
TV3AAA005,TV3AAA005, Испытательное оборудование 
TV3AAA010,TV3AAA010, Испытательное оборудование 
TV3AAA015,TV3AAA015, Испытательное оборудование 
TV3AAA025,TV3AAA025, Испытательное оборудование 
TV3AAA050,TV3AAA050, Испытательное оборудование 
TV3AAA100,TV3AAA100, Испытательное оборудование 
TV3AAA150,TV3AAA150, Испытательное оборудование 
TV3AAA200,TV3AAA200, Испытательное оборудование 
TV3AVV005,TV3AVV005, Испытательное оборудование 
TV3AVV010,TV3AVV010, Испытательное оборудование 
TV3AVV015,TV3AVV015, Испытательное оборудование 
TV3AVV100,TV3AVV100, Испытательное оборудование 
TV3AVV150,TV3AVV150, Испытательное оборудование 
TV3AVV1TH,TV3AVV1TH, Испытательное оборудование 
TV3DAA002,TV3DAA002, Испытательное оборудование 
TV3DAA003,TV3DAA003, Испытательное оборудование 
TV3DAA025,TV3DAA025, Испытательное оборудование 
TV3DAA030,TV3DAA030, Испытательное оборудование 
TV3DAA050,TV3DAA050, Испытательное оборудование 
TV3DAA100,TV3DAA100, Испытательное оборудование 
TV3DAA300,TV3DAA300, Испытательное оборудование 
TV3DAA5T5,TV3DAA5T5, Испытательное оборудование 
TV3DMA015,TV3DMA015, Испытательное оборудование 
TV3DMA020,TV3DMA020, Испытательное оборудование 
TV3-DMA-200,TV3-DMA-200, Испытательное оборудование 
TV3DMA300,TV3DMA300, Испытательное оборудование 
TV3DMA500,TV3DMA500, Испытательное оборудование 
TV3DMV5T5,TV3DMV5T5, Испытательное оборудование 
TV3DUA100,TV3DUA100, Испытательное оборудование 
TV3DUA200,TV3DUA200, Испытательное оборудование 
TV3DUA500,TV3DUA500, Испытательное оборудование 
TV3DVV001,TV3DVV001, Испытательное оборудование 
TV3DVV005,TV3DVV005, Испытательное оборудование 
TV3DVV010,TV3DVV010, Испытательное оборудование 
TV3DVV015,TV3DVV015, Испытательное оборудование 
TV3DVV020,TV3DVV020, Испытательное оборудование 
TV3DVV030,TV3DVV030, Испытательное оборудование 
TV3DVV1TH,TV3DVV1TH, Испытательное оборудование 
TV3DVV250,TV3DVV250, Испытательное оборудование 
TV3DVV300,TV3DVV300, Испытательное оборудование 
TV3DVV500,TV3DVV500, Испытательное оборудование 
TV3DVV750,TV3DVV750, Испытательное оборудование 
TV3RVV005,TV3RVV005, Испытательное оборудование 
TV3RVV010,TV3RVV010, Испытательное оборудование 
TV3RVV015,TV3RVV015, Испытательное оборудование 
TV3RVV020,TV3RVV020, Испытательное оборудование 
TV3RVV050,TV3RVV050, Испытательное оборудование 
TV3RVV100,TV3RVV100, Испытательное оборудование 
TV3RVV200,TV3RVV200, Испытательное оборудование 
TV3TUA010,TV3TUA010, Испытательное оборудование 
TV3TUA015,TV3TUA015, Испытательное оборудование 
TV3TUA025,TV3TUA025, Испытательное оборудование 
TV3TUA100,TV3TUA100, Испытательное оборудование 
TV4AAA002,TV4AAA002, Испытательное оборудование 
TV4AAA003,TV4AAA003, Испытательное оборудование 
TV4AAA005,TV4AAA005, Испытательное оборудование 
TV4AAA010,TV4AAA010, Испытательное оборудование 
TV4AAA015,TV4AAA015, Испытательное оборудование 
TV4AAA030,TV4AAA030, Испытательное оборудование 
TV4AAA050,TV4AAA050, Испытательное оборудование 
TV4AAA075,TV4AAA075, Испытательное оборудование 
TV4AAA100,TV4AAA100, Испытательное оборудование 
TV4AAA1R5,TV4AAA1R5, Испытательное оборудование 
TV4AAA200,TV4AAA200, Испытательное оборудование 
TV4AMA010,TV4AMA010, Испытательное оборудование 
TV4AMA100,TV4AMA100, Испытательное оборудование 
TV4AMA150,TV4AMA150, Испытательное оборудование 
TV4AMA250,TV4AMA250, Испытательное оборудование 
TV4AVV010,TV4AVV010, Испытательное оборудование 
TV4AVV015,TV4AVV015, Испытательное оборудование 
TV4AVV100,TV4AVV100, Испытательное оборудование 
TV4AVV1TH,TV4AVV1TH, Испытательное оборудование 
TV4AVV250,TV4AVV250, Испытательное оборудование 
TV4AVV500,TV4AVV500, Испытательное оборудование 
TV4DAA001,TV4DAA001, Испытательное оборудование 
TV4DAA003,TV4DAA003, Испытательное оборудование 
TV4DAA010,TV4DAA010, Испытательное оборудование 
TV4DAA020,TV4DAA020, Испытательное оборудование 
TV4DAA030,TV4DAA030, Испытательное оборудование 
TV4DAA150,TV4DAA150, Испытательное оборудование 
TV4DAA300,TV4DAA300, Испытательное оборудование 
TV4DAA500,TV4DAA500, Испытательное оборудование 
TV4DMA001,TV4DMA001, Испытательное оборудование 
TV4DMA015,TV4DMA015, Испытательное оборудование 
TV4DMA025,TV4DMA025, Испытательное оборудование 
TV4DMA050,TV4DMA050, Испытательное оборудование 
TV4DMA250,TV4DMA250, Испытательное оборудование 
TV4DMA300,TV4DMA300, Испытательное оборудование 
TV4DMA500,TV4DMA500, Испытательное оборудование 
TV4DMV500,TV4DMV500, Испытательное оборудование 
TV4DMV5T5,TV4DMV5T5, Испытательное оборудование 
TV4DUA050,TV4DUA050, Испытательное оборудование 
TV4DUA100,TV4DUA100, Испытательное оборудование 
TV4DUA200,TV4DUA200, Испытательное оборудование 
TV4DVV001,TV4DVV001, Испытательное оборудование 
TV4DVV005,TV4DVV005, Испытательное оборудование 
TV4DVV008,TV4DVV008, Испытательное оборудование 
TV4DVV010,TV4DVV010, Испытательное оборудование 
TV4DVV015,TV4DVV015, Испытательное оборудование 
TV4DVV025,TV4DVV025, Испытательное оборудование 
TV4DVV050,TV4DVV050, Испытательное оборудование 
TV4DVV100,TV4DVV100, Испытательное оборудование 
TV4DVV1TH,TV4DVV1TH, Испытательное оборудование 
TV4DVV200,TV4DVV200, Испытательное оборудование 
TV4DVV250,TV4DVV250, Испытательное оборудование 
TV4DVV300,TV4DVV300, Испытательное оборудование 
TV4DVV750,TV4DVV750, Испытательное оборудование 
TV4RVV005,TV4RVV005, Испытательное оборудование 
TV4RVV010,TV4RVV010, Испытательное оборудование 
TV4RVV025,TV4RVV025, Испытательное оборудование 
TV4RVV050,TV4RVV050, Испытательное оборудование 
TV4RVV150,TV4RVV150, Испытательное оборудование 
TV4RVV200,TV4RVV200, Испытательное оборудование 
TV4RVV250,TV4RVV250, Испытательное оборудование 
TV4TUA100,TV4TUA100, Испытательное оборудование 
TV6DAA001,TV6DAA001, Испытательное оборудование 
TV6DAA003,TV6DAA003, Испытательное оборудование 
TV6DAA005,TV6DAA005, Испытательное оборудование 
TV6DAA010,TV6DAA010, Испытательное оборудование 
TV6DAA025,TV6DAA025, Испытательное оборудование 
TV6DAA150,TV6DAA150, Испытательное оборудование 
TV6DMA020,TV6DMA020, Испытательное оборудование 
TV6DMA100,TV6DMA100, Испытательное оборудование 
TV6DMA250,TV6DMA250, Испытательное оборудование 
TV6DUA200,TV6DUA200, Испытательное оборудование 
TV6DUA5H5,TV6DUA5H5, Испытательное оборудование 
TV6DVV001,TV6DVV001, Испытательное оборудование 
TV6DVV050,TV6DVV050, Испытательное оборудование 
TV6DVV1TH,TV6DVV1TH, Испытательное оборудование 
TV6DVV300,TV6DVV300, Испытательное оборудование 
TV6DVV500,TV6DVV500, Испытательное оборудование 
TV6RVV010,TV6RVV010, Испытательное оборудование 
TV6RVV015,TV6RVV015, Испытательное оборудование 
TV6RVV025,TV6RVV025, Испытательное оборудование 
TV6RVV100,TV6RVV100, Испытательное оборудование 
TV6RVV200,TV6RVV200, Испытательное оборудование 
TV6RVV250,TV6RVV250, Испытательное оборудование 
TV6RVV300,TV6RVV300, Испытательное оборудование 
TV6TUA100,TV6TUA100, Испытательное оборудование 
100058-010-942,100058-010-942, Испытательное оборудование 
100445-A-F-N-12-AM,100445-A-F-N-12-AM, Испытательное оборудование 
100445-A-F-S-12-AF,100445-A-F-S-12-AF, Испытательное оборудование 
100445-A-F-S-12-AM,100445-A-F-S-12-AM, Испытательное оборудование 
100445-A-N-S-12-AF,100445-A-N-S-12-AF, Испытательное оборудование 
100445-A-N-S-12-AM,100445-A-N-S-12-AM, Испытательное оборудование 
100445-B-F-N-12-AM,100445-B-F-N-12-AM, Испытательное оборудование 
100445-B-N-N-12-AM,100445-B-N-N-12-AM, Испытательное оборудование 
100445-B-N-N-12-NC,100445-B-N-N-12-NC, Испытательное оборудование 
100445-ES-F-N-12-AF,100445-ES-F-N-12-AF, Испытательное оборудование 
100445-ES-F-N-12-AM,100445-ES-F-N-12-AM, Испытательное оборудование 
100445-ES-F-N-36-AM,100445-ES-F-N-36-AM, Испытательное оборудование 
100445-ES-F-N-36-NC,100445-ES-F-N-36-NC, Испытательное оборудование 
100445-ES-F-S-12-AF,100445-ES-F-S-12-AF, Испытательное оборудование 
100445-ES-F-S-12-AM,100445-ES-F-S-12-AM, Испытательное оборудование 
100445-ES-F-S-12-NC,100445-ES-F-S-12-NC, Испытательное оборудование 
100445-ES-F-S-36-NC,100445-ES-F-S-36-NC, Испытательное оборудование 
100445-ES-N-N-12-AF,100445-ES-N-N-12-AF, Испытательное оборудование 
100445-ES-N-N-12-AM,100445-ES-N-N-12-AM, Испытательное оборудование 
100445-ES-N-N-12-BF,100445-ES-N-N-12-BF, Испытательное оборудование 
100445-ES-N-N-12-BM,100445-ES-N-N-12-BM, Испытательное оборудование 
100445-H-F-N-12-BF,100445-H-F-N-12-BF, Испытательное оборудование 
100445-H-F-N-12-NC,100445-H-F-N-12-NC, Испытательное оборудование 
100445-H-N-N-12-AM,100445-H-N-N-12-AM, Испытательное оборудование 
100445-H-N-S-12-BM,100445-H-N-S-12-BM, Испытательное оборудование 
100445-J-F-N-12-AM,100445-J-F-N-12-AM, Испытательное оборудование 
100445-U-F-N-12-AF,100445-U-F-N-12-AF, Испытательное оборудование 
100445-U-F-N-36-NC,100445-U-F-N-36-NC, Испытательное оборудование 
100445-U-F-S-12-AM,100445-U-F-S-12-AM, Испытательное оборудование 
100445-U-F-S-36-AF,100445-U-F-S-36-AF, Испытательное оборудование 
100445-U-F-S-36-AM,100445-U-F-S-36-AM, Испытательное оборудование 
100445-U-F-S-36-NC,100445-U-F-S-36-NC, Испытательное оборудование 
100445-U-N-N-36-AM,100445-U-N-N-36-AM, Испытательное оборудование 
100445-U-N-S-12-AM,100445-U-N-S-12-AM, Испытательное оборудование 
100445-U-N-S-12-NC,100445-U-N-S-12-NC, Испытательное оборудование 
100526-A-12-AF,100526-A-12-AF, Испытательное оборудование 
100526-A-12-NC,100526-A-12-NC, Испытательное оборудование 
100526-B-12-AF,100526-B-12-AF, Испытательное оборудование 
100526-B-12-NC,100526-B-12-NC, Испытательное оборудование 
100526-ES-12-AF,100526-ES-12-AF, Испытательное оборудование 
100526-ES-12-AM,100526-ES-12-AM, Испытательное оборудование 
100526-ES-12-NC,100526-ES-12-NC, Испытательное оборудование 
100526-H-36-NC,100526-H-36-NC, Испытательное оборудование 
100526-J-12-AM,100526-J-12-AM, Испытательное оборудование 
100526-J-36-AM,100526-J-36-AM, Испытательное оборудование 
100526-J-36-NC,100526-J-36-NC, Испытательное оборудование 
100526-U-12-AF,100526-U-12-AF, Испытательное оборудование 
100526-U-12-AM,100526-U-12-AM, Испытательное оборудование 
100559-B-N,100559-B-N, Испытательное оборудование 
100559-B-S,100559-B-S, Испытательное оборудование 
100559-ES-S,100559-ES-S, Испытательное оборудование 
100559-H-S,100559-H-S, Испытательное оборудование 
100559-J-N,100559-J-N, Испытательное оборудование 
100563-E,100563-E, Испытательное оборудование 
100632-036-8-097,100632-036-8-097, Испытательное оборудование 
100671-000,100671-000, Испытательное оборудование 
100780-C-F-12-AF,100780-C-F-12-AF, Испытательное оборудование 
100780-C-F-12-N,100780-C-F-12-N, Испытательное оборудование 
100780-J-F-36-AF,100780-J-F-36-AF, Испытательное оборудование 
100780-J-F-36-NC,100780-J-F-36-NC, Испытательное оборудование 
100785-003-922,100785-003-922, Испытательное оборудование 
100804-002,100804-002, Испытательное оборудование 
100910-ES-N,100910-ES-N, Испытательное оборудование 
100938-001,100938-001, Испытательное оборудование 
100999-B-12-AM-F,100999-B-12-AM-F, Испытательное оборудование 
100999-B-12-BM-F,100999-B-12-BM-F, Испытательное оборудование 
100999-B-36-AF-F,100999-B-36-AF-F, Испытательное оборудование 
100999-B-36-AM-F,100999-B-36-AM-F, Испытательное оборудование 
100999-B-36-BM-F,100999-B-36-BM-F, Испытательное оборудование 
100999-U-12-AF-F,100999-U-12-AF-F, Испытательное оборудование 
100999-U-12-NC-F,100999-U-12-NC-F, Испытательное оборудование 
100999-U-36-AF-F,100999-U-36-AF-F, Испытательное оборудование 
100999-U-36-AM-F,100999-U-36-AM-F, Испытательное оборудование 
101119-001,101119-001, Испытательное оборудование 
101150-000,101150-000, Испытательное оборудование 
101247-001,101247-001, Испытательное оборудование 
101367-001,101367-001, Испытательное оборудование 
101438-000,101438-000, Испытательное оборудование 
101582-000,101582-000, Испытательное оборудование 
101883-001,101883-001, Испытательное оборудование 
303823-000-0604,303823-000-0604, Испытательное оборудование 
BP-3MM,BP-3MM, Испытательное оборудование 
BP-6MM,BP-6MM, Испытательное оборудование 
CG-2.5-4-SC,CG-2.5-4-SC, Испытательное оборудование 
CG-2.5-4-SM,CG-2.5-4-SM, Испытательное оборудование 
CG-2.5-4-TH,CG-2.5-4-TH, Испытательное оборудование 
CG-2.5-6-SC,CG-2.5-6-SC, Испытательное оборудование 
CP-2.5-4-SC,CP-2.5-4-SC, Испытательное оборудование 
CP-2.5-6-TH,CP-2.5-6-TH, Испытательное оборудование 
CP-2.5-6-TH-BB,CP-2.5-6-TH-BB, Испытательное оборудование 
CS-2.5-4-SC,CS-2.5-4-SC, Испытательное оборудование 
CS-2.5-4-SM,CS-2.5-4-SM, Испытательное оборудование 
CS-2.5-6-SC,CS-2.5-6-SC, Испытательное оборудование 
CS-2.5-6-SM,CS-2.5-6-SM, Испытательное оборудование 
D-CG-2.5-4-SC,D-CG-2.5-4-SC, Испытательное оборудование 
D-CG-2.5-4-TH,D-CG-2.5-4-TH, Испытательное оборудование 
08AS102-K03S3,08AS102-K03S3, Испытательное оборудование 
D-CG-2.5-6-SC,D-CG-2.5-6-SC, Испытательное оборудование 
D-CG-2.5-6-SC-BB,D-CG-2.5-6-SC-BB, Испытательное оборудование 
D-CG-2.5-6-SM-BB,D-CG-2.5-6-SM-BB, Испытательное оборудование 
D-CP-2.5-4-SC,D-CP-2.5-4-SC, Испытательное оборудование 
D-CP-2.5-4-SM,D-CP-2.5-4-SM, Испытательное оборудование 
D-CP-2.5-6-SC-BB,D-CP-2.5-6-SC-BB, Испытательное оборудование 
D-CP-2.5-6-SM-BB,D-CP-2.5-6-SM-BB, Испытательное оборудование 
D-CP-2.5-6-TH,D-CP-2.5-6-TH, Испытательное оборудование 
DE-50-T45-1-G,DE-50-T45-1-G, Испытательное оборудование 
 GSS-10-7-G S_C W_HOLE .373 OAL , GSS-10-7-G S_C W_HOLE .373 OAL , Испытательное оборудование 
 GSS-18-7-G S_C OAL , GSS-18-7-G S_C OAL , Испытательное оборудование 
 GSS-4-3.8-G S_C W_HOLE .385 OAL , GSS-4-3.8-G S_C W_HOLE .385 OAL , Испытательное оборудование 
 GSS-8-3.8-G S_C W_HOLE .415 OAL , GSS-8-3.8-G S_C W_HOLE .415 OAL , Испытательное оборудование 
 GSS-8-7-G S_C W_HOLE .415 OAL , GSS-8-7-G S_C W_HOLE .415 OAL , Испытательное оборудование 
 ICT-075-B-10-G S_C , ICT-075-B-10-G S_C , Испытательное оборудование 
 ICT-075-B-5-G S_C , ICT-075-B-5-G S_C , Испытательное оборудование 
 ICT-075-B-7-G S_C , ICT-075-B-7-G S_C , Испытательное оборудование 
 ICT-075-H-5-G S_C , ICT-075-H-5-G S_C , Испытательное оборудование 
 ICT-075-HS-5-G S_C , ICT-075-HS-5-G S_C , Испытательное оборудование 
 ICT-075-J-5-G S_C , ICT-075-J-5-G S_C , Испытательное оборудование 
 ICT-075-SP-5-G-S S_C , ICT-075-SP-5-G-S S_C , Испытательное оборудование 
 ICT-075-V8-5-G S_C , ICT-075-V8-5-G S_C , Испытательное оборудование 
 ICT-075-VT-10-G-S S_C , ICT-075-VT-10-G-S S_C , Испытательное оборудование 
 ICT-100-A-5.5-G S_C , ICT-100-A-5.5-G S_C , Испытательное оборудование 
 ICT-100-A-6.7-G S_C , ICT-100-A-6.7-G S_C , Испытательное оборудование 
 ICT-100-B-17-G S_C , ICT-100-B-17-G S_C , Испытательное оборудование 
 ICT-100-D-17-G S_C , ICT-100-D-17-G S_C , Испытательное оборудование 
 ICT-100-D-5.5-G S_C , ICT-100-D-5.5-G S_C , Испытательное оборудование 
 ICT-100-D-6.7-G S_C , ICT-100-D-6.7-G S_C , Испытательное оборудование 
 ICT-100-F-17-G S_C , ICT-100-F-17-G S_C , Испытательное оборудование 
 ICT-100-H-10-G S_C , ICT-100-H-10-G S_C , Испытательное оборудование 
 ICT-100-H-5.5-G S_C , ICT-100-H-5.5-G S_C , Испытательное оборудование 
 ICT-100-HK-6.7-G S_C , ICT-100-HK-6.7-G S_C , Испытательное оборудование 
 ICT-100-HL-10-G S_C , ICT-100-HL-10-G S_C , Испытательное оборудование 
 ICT-100-HL-17-G S_C , ICT-100-HL-17-G S_C , Испытательное оборудование 
 S-2-A-4-D S_C , S-2-A-4-D S_C , Испытательное оборудование 
 ICT-100-HL-5.5-G S_C , ICT-100-HL-5.5-G S_C , Испытательное оборудование 
 ICT-100-HL-6.7-G S_C , ICT-100-HL-6.7-G S_C , Испытательное оборудование 
ICT-100-J-5.5-G,ICT-100-J-5.5-G, Испытательное оборудование 
 ICT-100-J-6.7-G S_C , ICT-100-J-6.7-G S_C , Испытательное оборудование 
 ICT-100-JS-5.5-G S_C , ICT-100-JS-5.5-G S_C , Испытательное оборудование 
ICT-100-LF-8-D-S,ICT-100-LF-8-D-S, Испытательное оборудование 
 ICT-100-NT-8-G-S S_C , ICT-100-NT-8-G-S S_C , Испытательное оборудование 
 ICT-100-SP-17-G-S S_C , ICT-100-SP-17-G-S S_C , Испытательное оборудование 
 ICT-100-SPB-5.5-G-S S_C , ICT-100-SPB-5.5-G-S S_C , Испытательное оборудование 
 ICT-100-T-10-G S_C , ICT-100-T-10-G S_C , Испытательное оборудование 
 ICT-100-T-5.5-G S_C , ICT-100-T-5.5-G S_C , Испытательное оборудование 
 ICT-100-T-6.7-G S_C , ICT-100-T-6.7-G S_C , Испытательное оборудование 
 ICT-100-U-10-G-S S_C , ICT-100-U-10-G-S S_C , Испытательное оборудование 
 ICT-100-V-6.7-G S_C , ICT-100-V-6.7-G S_C , Испытательное оборудование 
 ICT-100-V8-10-G S_C , ICT-100-V8-10-G S_C , Испытательное оборудование 
 ICT-100-V8-5.5-G S_C , ICT-100-V8-5.5-G S_C , Испытательное оборудование 
 ICT-100-V8-6.7-G S_C , ICT-100-V8-6.7-G S_C , Испытательное оборудование 
 ICT-100-W-10-G S_C , ICT-100-W-10-G S_C , Испытательное оборудование 
 ICT-100-W-17-G S_C , ICT-100-W-17-G S_C , Испытательное оборудование 
 ICT-100-W-8-G S_C , ICT-100-W-8-G S_C , Испытательное оборудование 
 ICT-100-WO-10-G-S S_C , ICT-100-WO-10-G-S S_C , Испытательное оборудование 
 ICT-100-WO-6.7-G-S S_C , ICT-100-WO-6.7-G-S S_C , Испытательное оборудование 
ICT-50C-HS-4.3-DG-S,ICT-50C-HS-4.3-DG-S, Испытательное оборудование 
ICT-50C-SW-4.3-DG-S,ICT-50C-SW-4.3-DG-S, Испытательное оборудование 
ICT-50J-HS-4-DG-S,ICT-50J-HS-4-DG-S, Испытательное оборудование 
ICT-L100-H-5.7-G,ICT-L100-H-5.7-G, Испытательное оборудование 
ICT-L100-SP-5.7-G-S,ICT-L100-SP-5.7-G-S, Испытательное оборудование 
PI-5328,PI-5328, Испытательное оборудование 
QUAD-00-B,QUAD-00-B, Испытательное оборудование 
 QUAD-0REC-0-0 W_FLNG WO_WIRE AU PLTD , QUAD-0REC-0-0 W_FLNG WO_WIRE AU PLTD , Испытательное оборудование 
 QUAD-0REC-12-1 W_FLNG , QUAD-0REC-12-1 W_FLNG , Испытательное оборудование 
R-00-W-500,R-00-W-500, Испытательное оборудование 
R-075-B-DE,R-075-B-DE, Испытательное оборудование 
R-075-RP,R-075-RP, Испытательное оборудование 
R-075-S-DE,R-075-S-DE, Испытательное оборудование 
R-075-WW-429,R-075-WW-429, Испытательное оборудование 
 R-0-WW-016 RSS50WW , R-0-WW-016 RSS50WW , Испытательное оборудование 
R-100-CR,R-100-CR, Испытательное оборудование 
R-100-J-DE,R-100-J-DE, Испытательное оборудование 
R-100-S-DE,R-100-S-DE, Испытательное оборудование 
R-100-WW-694,R-100-WW-694, Испытательное оборудование 
R-1-RP-375,R-1-RP-375, Испытательное оборудование 
 R-1-RP RSS75RP , R-1-RP RSS75RP , Испытательное оборудование 
R-2-RP,R-2-RP, Испытательное оборудование 
R-2-WW-429,R-2-WW-429, Испытательное оборудование 
R-4-CR,R-4-CR, Испытательное оборудование 
R-4-WW-429,R-4-WW-429, Испытательное оборудование 
R-50C-B-DE,R-50C-B-DE, Испытательное оборудование 
R-50C-CR,R-50C-CR, Испытательное оборудование 
R-50C-J-DE,R-50C-J-DE, Испытательное оборудование 
R-50C-U-DE,R-50C-U-DE, Испытательное оборудование 
R-5-SW,R-5-SW, Испытательное оборудование 
R-5-WW-429,R-5-WW-429, Испытательное оборудование 
RH-100-SC,RH-100-SC, Испытательное оборудование 
RH-3-SC,RH-3-SC, Испытательное оборудование 
R-SS-100-NT-PLTD,R-SS-100-NT-PLTD, Испытательное оборудование 
RSS_SS,RSS_SS, Испытательное оборудование 
 RX-0-DS-36-1 RXSS50DS BLUE 30G , RX-0-DS-36-1 RXSS50DS BLUE 30G , Испытательное оборудование 
 RX-0-PW-36-1 RXSS50PW VIOLET 30G , RX-0-PW-36-1 RXSS50PW VIOLET 30G , Испытательное оборудование 
 S-00-B-1.6-G D_C SS SPGS , S-00-B-1.6-G D_C SS SPGS , Испытательное оборудование 
 S-00-G-1.6-G D_C SS SPG , S-00-G-1.6-G D_C SS SPG , Испытательное оборудование 
 S-00-J-1.3-D D_C , S-00-J-1.3-D D_C , Испытательное оборудование 
 S-00-J-1.6-G D_C SS SPG , S-00-J-1.6-G D_C SS SPG , Испытательное оборудование 
 S-00-U-1.3-G D_C , S-00-U-1.3-G D_C , Испытательное оборудование 
S-075-A-3-G,S-075-A-3-G, Испытательное оборудование 
S-075-A-5-G,S-075-A-5-G, Испытательное оборудование 
S-075-B-5-G-S,S-075-B-5-G-S, Испытательное оборудование 
S-075-G-5-G,S-075-G-5-G, Испытательное оборудование 
S-075-H-3-G,S-075-H-3-G, Испытательное оборудование 
S-075-HS-5-G,S-075-HS-5-G, Испытательное оборудование 
S-075-J-5-G,S-075-J-5-G, Испытательное оборудование 
S-075-J-7-G,S-075-J-7-G, Испытательное оборудование 
S-075-M-5-G-S,S-075-M-5-G-S, Испытательное оборудование 
S-075-M-7-G-S,S-075-M-7-G-S, Испытательное оборудование 
S-075-NT-3-G-S,S-075-NT-3-G-S, Испытательное оборудование 
S-075-NT-7-G-S,S-075-NT-7-G-S, Испытательное оборудование 
S-075-T-3.8-RT,S-075-T-3.8-RT, Испытательное оборудование 
S-075-U-3-G,S-075-U-3-G, Испытательное оборудование 
S-075-V8-3-G,S-075-V8-3-G, Испытательное оборудование 
S-075-V8-7-G,S-075-V8-7-G, Испытательное оборудование 
S-075-VLT-7-G-S,S-075-VLT-7-G-S, Испытательное оборудование 
 S-0-A-2.2-G 660 S_C , S-0-A-2.2-G 660 S_C , Испытательное оборудование 
 S-0-A-3.7-G S_C , S-0-A-3.7-G S_C , Испытательное оборудование 
 S-0-C-3.7-G S_C , S-0-C-3.7-G S_C , Испытательное оборудование 
 S-0-E-2.5-G S_C , S-0-E-2.5-G S_C , Испытательное оборудование 
 S-0-ES-2.2-G S_C , S-0-ES-2.2-G S_C , Испытательное оборудование 
 S-0-T4-2.5-G S_C , S-0-T4-2.5-G S_C , Испытательное оборудование 
 S-0-UT-2.2-G S_C , S-0-UT-2.2-G S_C , Испытательное оборудование 
 S-0-V-2.2-G S_C , S-0-V-2.2-G S_C , Испытательное оборудование 
S-100-A-10-G,S-100-A-10-G, Испытательное оборудование 
S-100-A-3.5-G,S-100-A-3.5-G, Испытательное оборудование 
S-100-A-5.5-G,S-100-A-5.5-G, Испытательное оборудование 
S-100-B-5.5-G,S-100-B-5.5-G, Испытательное оборудование 
S-100-B-6.7-G,S-100-B-6.7-G, Испытательное оборудование 
S-100-B-8-G,S-100-B-8-G, Испытательное оборудование 
S-100-F-8-G,S-100-F-8-G, Испытательное оборудование 
S-100-H-5.5-G,S-100-H-5.5-G, Испытательное оборудование 
S-100-H-8-G,S-100-H-8-G, Испытательное оборудование 
S-100-HK-17-G,S-100-HK-17-G, Испытательное оборудование 
S-100-HK-5.5-G,S-100-HK-5.5-G, Испытательное оборудование 
S-100-HL-3.5-G,S-100-HL-3.5-G, Испытательное оборудование 
S-100-HP-3.5-G,S-100-HP-3.5-G, Испытательное оборудование 
S-100-J-10-G,S-100-J-10-G, Испытательное оборудование 
S-100-J-3.5-G,S-100-J-3.5-G, Испытательное оборудование 
S-100-JS-8-G,S-100-JS-8-G, Испытательное оборудование 
S-100-K-10-G,S-100-K-10-G, Испытательное оборудование 
S-100-K-5.5-G,S-100-K-5.5-G, Испытательное оборудование 
S-100-LM-10-RT,S-100-LM-10-RT, Испытательное оборудование 
S-100-LM-5.5-RT,S-100-LM-5.5-RT, Испытательное оборудование 
S-100-LM-8-RT,S-100-LM-8-RT, Испытательное оборудование 
S-100-M-6.7-G-S,S-100-M-6.7-G-S, Испытательное оборудование 
S-100-NT-5.5-G-S,S-100-NT-5.5-G-S, Испытательное оборудование 
S-100-SN-10-G-S,S-100-SN-10-G-S, Испытательное оборудование 
Z20-30-LAN-U,Z20-30-LAN-U, Испытательное оборудование 
S-100-SN-5.5-G-S,S-100-SN-5.5-G-S, Испытательное оборудование 
S-100-SN-8-G-S,S-100-SN-8-G-S, Испытательное оборудование 
S-100-SP-10-G-S,S-100-SP-10-G-S, Испытательное оборудование 
S-100-SP-3.5-G-S,S-100-SP-3.5-G-S, Испытательное оборудование 
S-100-SP-6.7-G-S,S-100-SP-6.7-G-S, Испытательное оборудование 
S-100-SWS-3.5-G-S,S-100-SWS-3.5-G-S, Испытательное оборудование 
S-100-T-3.5-G,S-100-T-3.5-G, Испытательное оборудование 
S-100-T-5.5-G,S-100-T-5.5-G, Испытательное оборудование 
S-100-T-5.5-RT,S-100-T-5.5-RT, Испытательное оборудование 
S-100-T-6.7-G,S-100-T-6.7-G, Испытательное оборудование 
S-100-U-3.5-G-S,S-100-U-3.5-G-S, Испытательное оборудование 
S-100-UR-6.7-G-S,S-100-UR-6.7-G-S, Испытательное оборудование 
S-100-V8-3.5-G,S-100-V8-3.5-G, Испытательное оборудование 
S-100-W-5.5-G,S-100-W-5.5-G, Испытательное оборудование 
S-100-Y-10-G-S,S-100-Y-10-G-S, Испытательное оборудование 
 S-1-A-2-D D_C .670 OAL , S-1-A-2-D D_C .670 OAL , Испытательное оборудование 
 S-1-A-2-G D_C .670 OAL , S-1-A-2-G D_C .670 OAL , Испытательное оборудование 
 S-1-A-3.8-D D_C .670 OAL , S-1-A-3.8-D D_C .670 OAL , Испытательное оборудование 
 S-1-B-2-G D_C .670 OAL , S-1-B-2-G D_C .670 OAL , Испытательное оборудование 
 S-1-B-6.6-G D_C .670 OAL , S-1-B-6.6-G D_C .670 OAL , Испытательное оборудование 
 S-1-C-2-G D_C .670 OAL , S-1-C-2-G D_C .670 OAL , Испытательное оборудование 
 S-1-C-3.8-G D_C .670 OAL , S-1-C-3.8-G D_C .670 OAL , Испытательное оборудование 
 S-1-D-2-G D_C .670 OAL , S-1-D-2-G D_C .670 OAL , Испытательное оборудование 
 S-1-D-6.6-G D_C .670 OAL , S-1-D-6.6-G D_C .670 OAL , Испытательное оборудование 
S-1-E-2-G,S-1-E-2-G, Испытательное оборудование 
 S-1-E-3.8-G D_C .670 OAL , S-1-E-3.8-G D_C .670 OAL , Испытательное оборудование 
 S-1-E-6.6-G D_C .670 OAL , S-1-E-6.6-G D_C .670 OAL , Испытательное оборудование 
 S-1-F-3.8-G D_C .670 OAL , S-1-F-3.8-G D_C .670 OAL , Испытательное оборудование 
 S-1-F-6.6-G D_C .670 OAL , S-1-F-6.6-G D_C .670 OAL , Испытательное оборудование 
 S-1-H-2-G D_C .670 OAL , S-1-H-2-G D_C .670 OAL , Испытательное оборудование 
 S-1-H-3.8-D D_C .670 OAL , S-1-H-3.8-D D_C .670 OAL , Испытательное оборудование 
 S-1-H-6.6-G D_C .670 OAL , S-1-H-6.6-G D_C .670 OAL , Испытательное оборудование 
 S-1-J-2-D D_C .670 OAL , S-1-J-2-D D_C .670 OAL , Испытательное оборудование 
 S-1-J-3.8-D D_C .670 OAL , S-1-J-3.8-D D_C .670 OAL , Испытательное оборудование 
 S-1-J-6.6-G D_C .670 OAL , S-1-J-6.6-G D_C .670 OAL , Испытательное оборудование 
 S-1-K-6.6-G D_C .670 OAL , S-1-K-6.6-G D_C .670 OAL , Испытательное оборудование 
 S-2-A-7-G D_C , S-2-A-7-G D_C , Испытательное оборудование 
 S-2-C-7-G D_C , S-2-C-7-G D_C , Испытательное оборудование 
 S-2-D-7-G D_C , S-2-D-7-G D_C , Испытательное оборудование 
 S-2-E-4-G S_C , S-2-E-4-G S_C , Испытательное оборудование 
 S-2-E-8.3-G D_C , S-2-E-8.3-G D_C , Испытательное оборудование 
 S-2-F-4-G S_C , S-2-F-4-G S_C , Испытательное оборудование 
 S-2-G-7-G D_C , S-2-G-7-G D_C , Испытательное оборудование 
 S-2-H-10-G D_C , S-2-H-10-G D_C , Испытательное оборудование 
 S-2-H-4-D S_C , S-2-H-4-D S_C , Испытательное оборудование 
 S-2-H-7-D D_C , S-2-H-7-D D_C , Испытательное оборудование 
 S-2-J-7-G D_C , S-2-J-7-G D_C , Испытательное оборудование 
 S-2-K-4-G S_C , S-2-K-4-G S_C , Испытательное оборудование 
 S-2-K-8.3-G D_C , S-2-K-8.3-G D_C , Испытательное оборудование 
 S-2-T-4-G S_C , S-2-T-4-G S_C , Испытательное оборудование 
 S-2-V-4-G S_C , S-2-V-4-G S_C , Испытательное оборудование 
 S-2-X-7-G D_C , S-2-X-7-G D_C , Испытательное оборудование 
 S-2-X-8.3-G D_C , S-2-X-8.3-G D_C , Испытательное оборудование 
 S-3-A-4-D S_C AU SS SPGS , S-3-A-4-D S_C AU SS SPGS , Испытательное оборудование 
 S-3-A-7-G S_C SS SPGS , S-3-A-7-G S_C SS SPGS , Испытательное оборудование 
 S-3-B-4-D S_C SS SPGS , S-3-B-4-D S_C SS SPGS , Испытательное оборудование 
 S-3-B-4-G S_C SS SPGS , S-3-B-4-G S_C SS SPGS , Испытательное оборудование 
 S-3-B-7-D S_C SS SPGS , S-3-B-7-D S_C SS SPGS , Испытательное оборудование 
 S-3-B-7-G S_C SS SPGS , S-3-B-7-G S_C SS SPGS , Испытательное оборудование 
 S-3-C-4-G S_C SS SPGS , S-3-C-4-G S_C SS SPGS , Испытательное оборудование 
 S-3-C-7-G S_C SS SPGS , S-3-C-7-G S_C SS SPGS , Испытательное оборудование 
 S-3-E-4-G S_C SS SPGS , S-3-E-4-G S_C SS SPGS , Испытательное оборудование 
 S-3-E-7-G S_C SS SPGS , S-3-E-7-G S_C SS SPGS , Испытательное оборудование 
 S-3-F-4-G S_C SS SPGS , S-3-F-4-G S_C SS SPGS , Испытательное оборудование 
 S-3-F-7-G S_C SS SPGS , S-3-F-7-G S_C SS SPGS , Испытательное оборудование 
 S-3-G-4-G S_C SS SPGS , S-3-G-4-G S_C SS SPGS , Испытательное оборудование 
 S-3-G-7-G S_C SS SPGS , S-3-G-7-G S_C SS SPGS , Испытательное оборудование 
 S-3-H-4-G S_C SS SPGS , S-3-H-4-G S_C SS SPGS , Испытательное оборудование 
S-3-H-7-D,S-3-H-7-D, Испытательное оборудование 
 S-3-J-7-G S_C SS SPGS , S-3-J-7-G S_C SS SPGS , Испытательное оборудование 
 S-3-K-4-G S_C SS SPGS , S-3-K-4-G S_C SS SPGS , Испытательное оборудование 
 S-3-K-7-G S_C SS SPGS , S-3-K-7-G S_C SS SPGS , Испытательное оборудование 
 S-4-A-7-G S_C , S-4-A-7-G S_C , Испытательное оборудование 
 S-4-B-7-G S_C , S-4-B-7-G S_C , Испытательное оборудование 
 S-4-C-5-G-N_L S_C , S-4-C-5-G-N_L S_C , Испытательное оборудование 
 S-4-C-7-G S_C , S-4-C-7-G S_C , Испытательное оборудование 
 S-4-D-5-G S_C , S-4-D-5-G S_C , Испытательное оборудование 
 S-4-D-7-G S_C , S-4-D-7-G S_C , Испытательное оборудование 
 S-4-E-7-G S_C , S-4-E-7-G S_C , Испытательное оборудование 
 S-4-F-7-G S_C , S-4-F-7-G S_C , Испытательное оборудование 
 S-4-H-5-D S_C , S-4-H-5-D S_C , Испытательное оборудование 
 S-4-H-7-G S_C , S-4-H-7-G S_C , Испытательное оборудование 
 S-4-J-5-G S_C , S-4-J-5-G S_C , Испытательное оборудование 
 S-4-J-7-G S_C , S-4-J-7-G S_C , Испытательное оборудование 
S-50C-J-4.3-DG,S-50C-J-4.3-DG, Испытательное оборудование 
S-50C-J-5.6-DG,S-50C-J-5.6-DG, Испытательное оборудование 
S-50C-T-4.3-DG-S,S-50C-T-4.3-DG-S, Испытательное оборудование 
S-50C-T-5.6-DG-S,S-50C-T-5.6-DG-S, Испытательное оборудование 
S-50J-A-4-DG,S-50J-A-4-DG, Испытательное оборудование 
S-50J-A-5.6-DG,S-50J-A-5.6-DG, Испытательное оборудование 
S-50J-R-5.6-DG-S,S-50J-R-5.6-DG-S, Испытательное оборудование 
S-50J-T-4-DG-S,S-50J-T-4-DG-S, Испытательное оборудование 
 S-5-F-16.4-D S_C , S-5-F-16.4-D S_C , Испытательное оборудование 
 S-5-HLF-16.4-G S_C , S-5-HLF-16.4-G S_C , Испытательное оборудование 
 S-5-HLF-8-G S_C SS SPGS , S-5-HLF-8-G S_C SS SPGS , Испытательное оборудование 
 SGR-2-B-3.7-G-880 S_C , SGR-2-B-3.7-G-880 S_C , Испытательное оборудование 
 SH-100-A-4-G S_C , SH-100-A-4-G S_C , Испытательное оборудование 
 SH-100-F-6.7-G S_C , SH-100-F-6.7-G S_C , Испытательное оборудование 
SH-3-H-7-G,SH-3-H-7-G, Испытательное оборудование 
 SH-4-H-10-G S_C , SH-4-H-10-G S_C , Испытательное оборудование 
 SH-5-H-18.7-G S_C , SH-5-H-18.7-G S_C , Испытательное оборудование 
SHE-100-B-6.7-G,SHE-100-B-6.7-G, Испытательное оборудование 
SHE-100-H-3.5-G,SHE-100-H-3.5-G, Испытательное оборудование 
SHE-100-H-6.7-G,SHE-100-H-6.7-G, Испытательное оборудование 
SHE-100-K-6.7-G,SHE-100-K-6.7-G, Испытательное оборудование 
SHE-3-K-7-G,SHE-3-K-7-G, Испытательное оборудование 
SHE-4-H-10-G,SHE-4-H-10-G, Испытательное оборудование 
SHE-5-B-18.7-G-N_L,SHE-5-B-18.7-G-N_L, Испытательное оборудование 
 SS-10-3.8-G S_C W_HOLE .373 OAL , SS-10-3.8-G S_C W_HOLE .373 OAL , Испытательное оборудование 
 SS-11-3.8-G S_C W_HOLE .385 OAL , SS-11-3.8-G S_C W_HOLE .385 OAL , Испытательное оборудование 
 SS-11-7-G S_C W_HOLE .385 OAL , SS-11-7-G S_C W_HOLE .385 OAL , Испытательное оборудование 
Z20-30-U,Z20-30-U, Испытательное оборудование 
 SS-1-3.8-G S_C W_HOLE .385 OAL , SS-1-3.8-G S_C W_HOLE .385 OAL , Испытательное оборудование 
 SS-18-3.8-G S_C W_HOLE .405 OAL , SS-18-3.8-G S_C W_HOLE .405 OAL , Испытательное оборудование 
 SS-19-3.8-G S_C W_HOLE .400 OAL , SS-19-3.8-G S_C W_HOLE .400 OAL , Испытательное оборудование 
 SS-19-7-G S_C W_HOLE .400 OAL , SS-19-7-G S_C W_HOLE .400 OAL , Испытательное оборудование 
 SS-2-3.8-G S_C W_HOLE .373 OAL , SS-2-3.8-G S_C W_HOLE .373 OAL , Испытательное оборудование 
 SS-2-7-G S_C W_HOLE .373 OAL , SS-2-7-G S_C W_HOLE .373 OAL , Испытательное оборудование 
 SS-30-UT-1.3-G D_C , SS-30-UT-1.3-G D_C , Испытательное оборудование 
 SS-4-3.8-G S_C W_HOLE .385 OAL , SS-4-3.8-G S_C W_HOLE .385 OAL , Испытательное оборудование 
 SS-4-7-G S_C W_HOLE .385 OAL , SS-4-7-G S_C W_HOLE .385 OAL , Испытательное оборудование 
 SS-50-A-3.3-G S_C , SS-50-A-3.3-G S_C , Испытательное оборудование 
SS-50-A-5.1-G,SS-50-A-5.1-G, Испытательное оборудование 
 SS-50-B-3.3-D S_C , SS-50-B-3.3-D S_C , Испытательное оборудование 
 SS-50-D-3.3-G S_C , SS-50-D-3.3-G S_C , Испытательное оборудование 
 SS-50-E-5.1-G S_C , SS-50-E-5.1-G S_C , Испытательное оборудование 
 SS-50-ES-3.3-G S_C , SS-50-ES-3.3-G S_C , Испытательное оборудование 
 SS-50-H-3.3-G S_C , SS-50-H-3.3-G S_C , Испытательное оборудование 
 SS-50-J-2.9-G S_C , SS-50-J-2.9-G S_C , Испытательное оборудование 
 SS-50-JS-2.9-G S_C , SS-50-JS-2.9-G S_C , Испытательное оборудование 
 SS-50-JS-5.1-G S_C , SS-50-JS-5.1-G S_C , Испытательное оборудование 
 SS-50-UT-2.9-D S_C , SS-50-UT-2.9-D S_C , Испытательное оборудование 
 SS-75-A-2.4-G D_C .620 OAL , SS-75-A-2.4-G D_C .620 OAL , Испытательное оборудование 
 SS-75-A-4.9-G D_C .620 OAL , SS-75-A-4.9-G D_C .620 OAL , Испытательное оборудование 
 SS-75-B-4.9-D D_C .620 OAL , SS-75-B-4.9-D D_C .620 OAL , Испытательное оборудование 
 SS-75-B-4.9-G D_C .620 OAL , SS-75-B-4.9-G D_C .620 OAL , Испытательное оборудование 
 SS-75-D-2.4-D D_C .620 OAL , SS-75-D-2.4-D D_C .620 OAL , Испытательное оборудование 
 SS-75-D-2.4-G D_C .620 OAL , SS-75-D-2.4-G D_C .620 OAL , Испытательное оборудование 
 SS-75-E-2.4-D D_C .620 OAL , SS-75-E-2.4-D D_C .620 OAL , Испытательное оборудование 
 SS-75-E-4.9-G D_C .620 OAL , SS-75-E-4.9-G D_C .620 OAL , Испытательное оборудование 
 SS-75-F-4.9-G D_C .620 OAL , SS-75-F-4.9-G D_C .620 OAL , Испытательное оборудование 
 SS-75-H-2.4-G D_C .620 OAL , SS-75-H-2.4-G D_C .620 OAL , Испытательное оборудование 
 SS-75-H-4.9-G D_C .620 OAL , SS-75-H-4.9-G D_C .620 OAL , Испытательное оборудование 
 SS-75-K-4.9-D D_C .620 OAL , SS-75-K-4.9-D D_C .620 OAL , Испытательное оборудование 
 SS-75-K-4.9-G D_C .620 OAL , SS-75-K-4.9-G D_C .620 OAL , Испытательное оборудование 
 SS-75-U-2.4-G D_C .620 OAL , SS-75-U-2.4-G D_C .620 OAL , Испытательное оборудование 
08AS102-K20S3,08AS102-K20S3, Испытательное оборудование 
 SS-75-U-4.9-G D_C .620 OAL , SS-75-U-4.9-G D_C .620 OAL , Испытательное оборудование 
SS-9-3.8-G,SS-9-3.8-G, Испытательное оборудование 
SW-3-CS-1.8-G,SW-3-CS-1.8-G, Испытательное оборудование 
SW-5-F-4-EN-115,SW-5-F-4-EN-115, Испытательное оборудование 
SW-5-F-4-EN-147,SW-5-F-4-EN-147, Испытательное оборудование 
 THERMOCOUPLE PROBE (TYPE K) RED_YELLOW , THERMOCOUPLE PROBE (TYPE K) RED_YELLOW , Испытательное оборудование 
Z100-2-IS420-U,Z100-2-IS420-U, Испытательное оборудование 
Z100-2-IS510-U,Z100-2-IS510-U, Испытательное оборудование 
Z100-2-U,Z100-2-U, Испытательное оборудование 
Z100-4-U,Z100-4-U, Испытательное оборудование 
Z100-6-U,Z100-6-U, Испытательное оборудование 
Z100-8-LAN-U,Z100-8-LAN-U, Испытательное оборудование 
Z100-8-U,Z100-8-U, Испытательное оборудование 
Z10-20-IEEE-U,Z10-20-IEEE-U, Испытательное оборудование 
Z10-20-IS420-U,Z10-20-IS420-U, Испытательное оборудование 
Z10-20-IS510-U,Z10-20-IS510-U, Испытательное оборудование 
Z10-20-LAN-L-U,Z10-20-LAN-L-U, Испытательное оборудование 
Z10-20-LAN-U,Z10-20-LAN-U, Испытательное оборудование 
Z10-20-L-U,Z10-20-L-U, Испытательное оборудование 
Z10-20-U,Z10-20-U, Испытательное оборудование 
Z10-40-U,Z10-40-U, Испытательное оборудование 
Z10-60-IEEE-U,Z10-60-IEEE-U, Испытательное оборудование 
Z10-72-U,Z10-72-U, Испытательное оборудование 
Z160-1.3-IEEE-U,Z160-1.3-IEEE-U, Испытательное оборудование 
Z160-1.3-IS420-U,Z160-1.3-IS420-U, Испытательное оборудование 
Z160-1.3-IS510-U,Z160-1.3-IS510-U, Испытательное оборудование 
Z160-1.3-LAN-U,Z160-1.3-LAN-U, Испытательное оборудование 
Z160-1.3-U,Z160-1.3-U, Испытательное оборудование 
Z160-2.6-IS420-U,Z160-2.6-IS420-U, Испытательное оборудование 
Z160-2.6-IS510-U,Z160-2.6-IS510-U, Испытательное оборудование 
Z160-2.6-U,Z160-2.6-U, Испытательное оборудование 
Z160-5-U,Z160-5-U, Испытательное оборудование 
Z20-10-IEEE-U,Z20-10-IEEE-U, Испытательное оборудование 
Z20-10-IS420-U,Z20-10-IS420-U, Испытательное оборудование 
Z20-10-IS510-U,Z20-10-IS510-U, Испытательное оборудование 
Z20-10-LAN-U,Z20-10-LAN-U, Испытательное оборудование 
Z20-10-L-U,Z20-10-L-U, Испытательное оборудование 
Z20-20-U,Z20-20-U, Испытательное оборудование 
Z20-30-IEEE-U,Z20-30-IEEE-U, Испытательное оборудование 
Z20-30-IS510-U,Z20-30-IS510-U, Испытательное оборудование 
Z20-30-LAN-L-U,Z20-30-LAN-L-U, Испытательное оборудование 
4205-RBT,4205-RBT, Испытательное оборудование 
Z20-40-IS420-U,Z20-40-IS420-U, Испытательное оборудование 
Z20-40-LAN-L-U,Z20-40-LAN-L-U, Испытательное оборудование 
Z20-40-LAN-U,Z20-40-LAN-U, Испытательное оборудование 
Z20-40-U,Z20-40-U, Испытательное оборудование 
Z320-0.65-IS420-U,Z320-0.65-IS420-U, Испытательное оборудование 
Z320-0.65-IS510-U,Z320-0.65-IS510-U, Испытательное оборудование 
Z320-0.65-U,Z320-0.65-U, Испытательное оборудование 
Z320-1.3-U,Z320-1.3-U, Испытательное оборудование 
Z320-2.5-U,Z320-2.5-U, Испытательное оборудование 
Z36-12-U,Z36-12-U, Испытательное оборудование 
Z36-18-IS420-U,Z36-18-IS420-U, Испытательное оборудование 
Z36-18-LAN-L-U,Z36-18-LAN-L-U, Испытательное оборудование 
Z36-18-L-U,Z36-18-L-U, Испытательное оборудование 
Z36-24-IS420-U,Z36-24-IS420-U, Испытательное оборудование 
Z36-24-LAN-L-U,Z36-24-LAN-L-U, Испытательное оборудование 
Z36-24-LAN-U,Z36-24-LAN-U, Испытательное оборудование 
Z36-24-L-U,Z36-24-L-U, Испытательное оборудование 
Z36-24-U,Z36-24-U, Испытательное оборудование 
Z36-6-IEEE-U,Z36-6-IEEE-U, Испытательное оборудование 
Z36-6-IS420-U,Z36-6-IS420-U, Испытательное оборудование 
Z36-6-IS510-U,Z36-6-IS510-U, Испытательное оборудование 
Z36-6-LAN-U,Z36-6-LAN-U, Испытательное оборудование 
Z36-6-L-U,Z36-6-L-U, Испытательное оборудование 
Z36-6-U,Z36-6-U, Испытательное оборудование 
Z60-10-IS510-U,Z60-10-IS510-U, Испытательное оборудование 
Z60-10-L-U,Z60-10-L-U, Испытательное оборудование 
Z60-10-U,Z60-10-U, Испытательное оборудование 
Z60-14-LAN-L-U,Z60-14-LAN-L-U, Испытательное оборудование 
Z60-14-U,Z60-14-U, Испытательное оборудование 
Z60-3.5-IEEE-U,Z60-3.5-IEEE-U, Испытательное оборудование 
Z60-3.5-IS420-U,Z60-3.5-IS420-U, Испытательное оборудование 
Z60-3.5-IS510-U,Z60-3.5-IS510-U, Испытательное оборудование 
Z60-3.5-LAN-L-U,Z60-3.5-LAN-L-U, Испытательное оборудование 
Z60-3.5-LAN-U,Z60-3.5-LAN-U, Испытательное оборудование 
Z60-3.5-L-U,Z60-3.5-L-U, Испытательное оборудование 
Z60-3.5-U,Z60-3.5-U, Испытательное оборудование 
Z60-7-U,Z60-7-U, Испытательное оборудование 
Z650-0.32-IEEE-U,Z650-0.32-IEEE-U, Испытательное оборудование 
Z650-0.32-U,Z650-0.32-U, Испытательное оборудование 
Z650-0.64-IS510-U,Z650-0.64-IS510-U, Испытательное оборудование 
Z650-0.64-U,Z650-0.64-U, Испытательное оборудование 
Z650-1.25-LAN-U,Z650-1.25-LAN-U, Испытательное оборудование 
Z650-1.25-U,Z650-1.25-U, Испытательное оборудование 
Z650-1-U,Z650-1-U, Испытательное оборудование 
ZUP10-20,ZUP10-20, Испытательное оборудование 
ZUP10-20_LUW,ZUP10-20_LUW, Испытательное оборудование 
ZUP10-20_U,ZUP10-20_U, Испытательное оборудование 
ZUP10-40,ZUP10-40, Испытательное оборудование 
ZUP10-80_U,ZUP10-80_U, Испытательное оборудование 
ZUP120-3.6,ZUP120-3.6, Испытательное оборудование 
ZUP20-10,ZUP20-10, Испытательное оборудование 
ZUP20-10_LUW,ZUP20-10_LUW, Испытательное оборудование 
ZUP20-10_U,ZUP20-10_U, Испытательное оборудование 
ZUP20-40,ZUP20-40, Испытательное оборудование 
ZUP20-40_U,ZUP20-40_U, Испытательное оборудование 
ZUP36-12,ZUP36-12, Испытательное оборудование 
ZUP36-24,ZUP36-24, Испытательное оборудование 
ZUP36-24_U,ZUP36-24_U, Испытательное оборудование 
ZUP36-6,ZUP36-6, Испытательное оборудование 
ZUP60-14_LU,ZUP60-14_LU, Испытательное оборудование 
ZUP60-14_U,ZUP60-14_U, Испытательное оборудование 
ZUP60-3.5,ZUP60-3.5, Испытательное оборудование 
ZUP60-3.5_LUW,ZUP60-3.5_LUW, Испытательное оборудование 
ZUP60-3.5_U,ZUP60-3.5_U, Испытательное оборудование 
ZUP6-132_U,ZUP6-132_U, Испытательное оборудование 
ZUP6-33_LU,ZUP6-33_LU, Испытательное оборудование 
ZUP6-33_LUW,ZUP6-33_LUW, Испытательное оборудование 
ZUP80-2.5,ZUP80-2.5, Испытательное оборудование 
ZUP80-2.5_U,ZUP80-2.5_U, Испытательное оборудование 
ZUP_E,ZUP_E, Испытательное оборудование 
1490532-1,1490532-1, Испытательное оборудование 
1-521800-2,1-521800-2, Испытательное оборудование 
1-521799-0,1-521799-0, Испытательное оборудование 
1-521799-2,1-521799-2, Испытательное оборудование 
1-582118-4,1-582118-4, Испытательное оборудование 
1-582118-5,1-582118-5, Испытательное оборудование 
1-582340-2,1-582340-2, Испытательное оборудование 
350180,350180, Испытательное оборудование 
3-521801-5,3-521801-5, Испытательное оборудование 
3-582118-2,3-582118-2, Испытательное оборудование 
3-582118-6,3-582118-6, Испытательное оборудование 
3-582118-9,3-582118-9, Испытательное оборудование 
3-582340-9,3-582340-9, Испытательное оборудование 
016-1923-00,016-1923-00, Испытательное оборудование 
2450-TRX-BAN,2450-TRX-BAN, Испытательное оборудование 
ACD4000,ACD4000, Испытательное оборудование 
AFG1062,AFG1062, Испытательное оборудование 
AFG2021-GL,AFG2021-GL, Испытательное оборудование 
AFG3021C,AFG3021C, Испытательное оборудование 
 AFG3102C R5 , AFG3102C R5 , Испытательное оборудование 
AFG3151C,AFG3151C, Испытательное оборудование 
CS-846,CS-846, Испытательное оборудование 
CT2,CT2, Испытательное оборудование 
DAQ6510,DAQ6510, Испытательное оборудование 
DMM4050,DMM4050, Испытательное оборудование 
DMM6500,DMM6500, Испытательное оборудование 
DPO2004B,DPO2004B, Испытательное оборудование 
DPO2BND,DPO2BND, Испытательное оборудование 
DPO2COMP,DPO2COMP, Испытательное оборудование 
DPO2EMBD,DPO2EMBD, Испытательное оборудование 
DPO3AUDIO,DPO3AUDIO, Испытательное оборудование 
DPO3COMP,DPO3COMP, Испытательное оборудование 
DPO4AERO,DPO4AERO, Испытательное оборудование 
DPO4AUDIO,DPO4AUDIO, Испытательное оборудование 
DPO4AUTOMAX,DPO4AUTOMAX, Испытательное оборудование 
DPO4PWR,DPO4PWR, Испытательное оборудование 
DPO4VID,DPO4VID, Испытательное оборудование 
FCA3000,FCA3000, Испытательное оборудование 
FCA3103,FCA3103, Испытательное оборудование 
FCA3120,FCA3120, Испытательное оборудование 
MDO3AERO,MDO3AERO, Испытательное оборудование 
MDO3AFG,MDO3AFG, Испытательное оборудование 
MDO3AUDIO,MDO3AUDIO, Испытательное оборудование 
MDO3EMBD,MDO3EMBD, Испытательное оборудование 
MDO3MSO,MDO3MSO, Испытательное оборудование 
MDO3PWR,MDO3PWR, Испытательное оборудование 
MDO4024C,MDO4024C, Испытательное оборудование 
MDO4024C-SA3,MDO4024C-SA3, Испытательное оборудование 
MDO4024C-SA6,MDO4024C-SA6, Испытательное оборудование 
MDO4104C-SA6,MDO4104C-SA6, Испытательное оборудование 
MDO4SA6,MDO4SA6, Испытательное оборудование 
MDO4SEC,MDO4SEC, Испытательное оборудование 
MSO2022B,MSO2022B, Испытательное оборудование 
MSO2024B,MSO2024B, Испытательное оборудование 
P2220,P2220, Испытательное оборудование 
P3010,P3010, Испытательное оборудование 
P5100A,P5100A, Испытательное оборудование 
P5122,P5122, Испытательное оборудование 
P5205A,P5205A, Испытательное оборудование 
P6041,P6041, Испытательное оборудование 
P6101B,P6101B, Испытательное оборудование 
P6316,P6316, Испытательное оборудование 
 PA3000 2CH , PA3000 2CH , Испытательное оборудование 
 PA3000 3CH , PA3000 3CH , Испытательное оборудование 
PSM3120,PSM3120, Испытательное оборудование 
PWS4205,PWS4205, Испытательное оборудование 
PWS4305,PWS4305, Испытательное оборудование 
PWS4323,PWS4323, Испытательное оборудование 
RM2000B,RM2000B, Испытательное оборудование 
RM3000,RM3000, Испытательное оборудование 
RM3100,RM3100, Испытательное оборудование 
RMD2000,RMD2000, Испытательное оборудование 
RSA306B,RSA306B, Испытательное оборудование 
RSA507A,RSA507A, Испытательное оборудование 
SIGEXPTE,SIGEXPTE, Испытательное оборудование 
TAP2500,TAP2500, Испытательное оборудование 
TBS1032B,TBS1032B, Испытательное оборудование 
TBS1072B-EDU,TBS1072B-EDU, Испытательное оборудование 
TBS1102B-EDU,TBS1102B-EDU, Испытательное оборудование 
TBS2072,TBS2072, Испытательное оборудование 
TBS2102,TBS2102, Испытательное оборудование 
TCA-BNC,TCA-BNC, Испытательное оборудование 
TCA-N,TCA-N, Испытательное оборудование 
TCP404XL,TCP404XL, Испытательное оборудование 
TDP1000,TDP1000, Испытательное оборудование 
TDS2012C,TDS2012C, Испытательное оборудование 
TDS3014C,TDS3014C, Испытательное оборудование 
TDS3AAM,TDS3AAM, Испытательное оборудование 
TDS3BATC,TDS3BATC, Испытательное оборудование 
TDS3GV,TDS3GV, Испытательное оборудование 
TDS3TMT,TDS3TMT, Испытательное оборудование 
TDS3VID,TDS3VID, Испытательное оборудование 
THP0301-B,THP0301-B, Испытательное оборудование 
THP0301-G,THP0301-G, Испытательное оборудование 
THP0301-Y,THP0301-Y, Испытательное оборудование 
THS3024,THS3024, Испытательное оборудование 
TIVM02L,TIVM02L, Испытательное оборудование 
TP750,TP750, Испытательное оборудование 
TPA-N-VPI,TPA-N-VPI, Испытательное оборудование 
TPP0100,TPP0100, Испытательное оборудование 
TPP0200,TPP0200, Испытательное оборудование 
TPP0201,TPP0201, Испытательное оборудование 
TPP0502,TPP0502, Испытательное оборудование 
TPS2PWR1,TPS2PWR1, Испытательное оборудование 
TPSBAT,TPSBAT, Испытательное оборудование 
TPSCHG,TPSCHG, Испытательное оборудование 
TSG4100A-RM1,TSG4100A-RM1, Испытательное оборудование 
TSG4100A-UP-EIQ,TSG4100A-UP-EIQ, Испытательное оборудование 
TSG4100A-UP-VM01,TSG4100A-UP-VM01, Испытательное оборудование 
TSG4100A-UP-VM04,TSG4100A-UP-VM04, Испытательное оборудование 
TTR500RACK,TTR500RACK, Испытательное оборудование 
TTR503A,TTR503A, Испытательное оборудование 
TTR506A,TTR506A, Испытательное оборудование 
00-00246,00-00246, Испытательное оборудование 
00-00247,00-00247, Испытательное оборудование 
00-00248,00-00248, Испытательное оборудование 
57-00006,57-00006, Испытательное оборудование 
780C,780C, Испытательное оборудование 
ADP300,ADP300, Испытательное оборудование 
ADPPS,ADPPS, Испытательное оборудование 
AS-SYNC,AS-SYNC, Испытательное оборудование 
CA10,CA10, Испытательное оборудование 
 ComProbe BPA Low Energy , ComProbe BPA Low Energy , Испытательное оборудование 
 ComProbe HSU-PS , ComProbe HSU-PS , Испытательное оборудование 
CP030,CP030, Испытательное оборудование 
CP030A,CP030A, Испытательное оборудование 
CP030-NIST,CP030-NIST, Испытательное оборудование 
CP031,CP031, Испытательное оборудование 
DA101,DA101, Испытательное оборудование 
DCS025,DCS025, Испытательное оборудование 
DX20-SI,DX20-SI, Испытательное оборудование 
DXC200,DXC200, Испытательное оборудование 
 Frontline Sodera LE , Frontline Sodera LE , Испытательное оборудование 
HDO4022-MS,HDO4022-MS, Испытательное оборудование 
HDO4024,HDO4024, Испытательное оборудование 
HDO4024-MS,HDO4024-MS, Испытательное оборудование 
HDO4032,HDO4032, Испытательное оборудование 
 HDO4K-ARINC429BUS Dsymbolic , HDO4K-ARINC429BUS Dsymbolic , Испытательное оборудование 
 HDO4K-Audiobus TDG , HDO4K-Audiobus TDG , Испытательное оборудование 
 HDO4K-DigRF3Gbus D , HDO4K-DigRF3Gbus D , Испытательное оборудование 
 HDO4K-DigRFv4bus D , HDO4K-DigRFv4bus D , Испытательное оборудование 
HDO4K-L,HDO4K-L, Испытательное оборудование 
 HDO4K-MANCHESTERbus D , HDO4K-MANCHESTERbus D , Испытательное оборудование 
 HDO4K-NRZBUS D , HDO4K-NRZBUS D , Испытательное оборудование 
HDO4K-PWR,HDO4K-PWR, Испытательное оборудование 
 HDO4K-USB2bus D , HDO4K-USB2bus D , Испытательное оборудование 
 HDO4K-USB2-HSICbus D , HDO4K-USB2-HSICbus D , Испытательное оборудование 
HVD3102,HVD3102, Испытательное оборудование 
HVD3106,HVD3106, Испытательное оборудование 
HVD3106A-NOACC,HVD3106A-NOACC, Испытательное оборудование 
HVD3206,HVD3206, Испытательное оборудование 
HVD3206A-6M,HVD3206A-6M, Испытательное оборудование 
HVD3605,HVD3605, Испытательное оборудование 
HVD3605A,HVD3605A, Испытательное оборудование 
HVFO100-1X-TIP,HVFO100-1X-TIP, Испытательное оборудование 
HVFO100-20X-TIP,HVFO100-20X-TIP, Испытательное оборудование 
HVFO103,HVFO103, Испытательное оборудование 
HVFO-6M-FIBER,HVFO-6M-FIBER, Испытательное оборудование 
MINI2EXP,MINI2EXP, Испытательное оборудование 
MS-250,MS-250, Испытательное оборудование 
 MSO 64MXs-B , MSO 64MXs-B , Испытательное оборудование 
PACC-MS001,PACC-MS001, Испытательное оборудование 
PK007-002,PK007-002, Испытательное оборудование 
PK007-015,PK007-015, Испытательное оборудование 
PK007-031,PK007-031, Испытательное оборудование 
PK033,PK033, Испытательное оборудование 
PK102,PK102, Испытательное оборудование 
PK116,PK116, Испытательное оборудование 
PK116-1,PK116-1, Испытательное оборудование 
PK1-5MM-101,PK1-5MM-101, Испытательное оборудование 
PK1-5MM-118,PK1-5MM-118, Испытательное оборудование 
PK701,PK701, Испытательное оборудование 
PKIT4-5MM-101,PKIT4-5MM-101, Испытательное оборудование 
PP005-RT,PP005-RT, Испытательное оборудование 
PP007-WR-1,PP007-WR-1, Испытательное оборудование 
PP007-WS-1,PP007-WS-1, Испытательное оборудование 
PP010-1,PP010-1, Испытательное оборудование 
PP017-2,PP017-2, Испытательное оборудование 
PP018-1,PP018-1, Испытательное оборудование 
PP022-1,PP022-1, Испытательное оборудование 
PPE5KV,PPE5KV, Испытательное оборудование 
PPE6KV,PPE6KV, Испытательное оборудование 
RP4000MCXLEAD-SI,RP4000MCXLEAD-SI, Испытательное оборудование 
RP4030,RP4030, Испытательное оборудование 
USB-FE02-V01-X,USB-FE02-V01-X, Испытательное оборудование 
USB-MCST-M02-A,USB-MCST-M02-A, Испытательное оборудование 
USB-T0B3-A01-X,USB-T0B3-A01-X, Испытательное оборудование 
USB-T0P2-A01-A,USB-T0P2-A01-A, Испытательное оборудование 
USB-T0P3-A01-A,USB-T0P3-A01-A, Испытательное оборудование 
USB-T0S2-A01-X,USB-T0S2-A01-X, Испытательное оборудование 
USB-TMA2-M02-A,USB-TMA2-M02-A, Испытательное оборудование 
USB-TMA2-M02-X,USB-TMA2-M02-X, Испытательное оборудование 
USB-TMPD-M02-X,USB-TMPD-M02-X, Испытательное оборудование 
4610-16-1A,4610-16-1A, Испытательное оборудование 
USB-TMS2-M02-X,USB-TMS2-M02-X, Испытательное оборудование 
WA-SOFTCASE,WA-SOFTCASE, Испытательное оборудование 
 WaveAce 1002 , WaveAce 1002 , Испытательное оборудование 
 WaveJet 332-A , WaveJet 332-A , Испытательное оборудование 
 WAVEJET 334 TOUCH , WAVEJET 334 TOUCH , Испытательное оборудование 
 WaveJet 352-A , WaveJet 352-A , Испытательное оборудование 
 WAVESURFER 3014Z , WAVESURFER 3014Z , Испытательное оборудование 
 WAVESURFER 3022 , WAVESURFER 3022 , Испытательное оборудование 
 WAVESURFER 3024 , WAVESURFER 3024 , Испытательное оборудование 
 WAVESURFER 3034 , WAVESURFER 3034 , Испытательное оборудование 
 WAVESURFER 3034Z , WAVESURFER 3034Z , Испытательное оборудование 
 WAVESURFER 3104Z , WAVESURFER 3104Z , Испытательное оборудование 
 WaveSurfer 62MXs-B , WaveSurfer 62MXs-B , Испытательное оборудование 
WS3K-MSO,WS3K-MSO, Испытательное оборудование 
WS3K-RACK,WS3K-RACK, Испытательное оборудование 
WS3K-SOFTCASE,WS3K-SOFTCASE, Испытательное оборудование 
 WSXS-1553 TD , WSXS-1553 TD , Испытательное оборудование 
 WSXS-DIGRF3GBUS D , WSXS-DIGRF3GBUS D , Испытательное оборудование 
WSXs-EMB,WSXs-EMB, Испытательное оборудование 
 WSXS-ENETBUS D , WSXS-ENETBUS D , Испытательное оборудование 
WSXS-ET-PMT,WSXS-ET-PMT, Испытательное оборудование 
WSXs-HARDCASE,WSXs-HARDCASE, Испытательное оборудование 
 WSXs-I2Cbus TD , WSXs-I2Cbus TD , Испытательное оборудование 
 WSXs-LINbus TD , WSXs-LINbus TD , Испытательное оборудование 
 WSXS-MANCHESTERBUS D , WSXS-MANCHESTERBUS D , Испытательное оборудование 
 WSXS-SENTBUS D , WSXS-SENTBUS D , Испытательное оборудование 
WSXs-SOFTCASE,WSXs-SOFTCASE, Испытательное оборудование 
 WSXs-SPIbus TD , WSXs-SPIbus TD , Испытательное оборудование 
ZD200,ZD200, Испытательное оборудование 
ZS1000,ZS1000, Испытательное оборудование 
ZS1000-QUADPAK,ZS1000-QUADPAK, Испытательное оборудование 
ZS1500-QUADPAK,ZS1500-QUADPAK, Испытательное оборудование 
N044-000-R,N044-000-R, Испытательное оборудование 
P002-001-10A,P002-001-10A, Испытательное оборудование 
P002-002-10A,P002-002-10A, Испытательное оборудование 
P004-002,P004-002, Испытательное оборудование 
P004-002-5,P004-002-5, Испытательное оборудование 
P004-002-ARD,P004-002-ARD, Испытательное оборудование 
P004-004,P004-004, Испытательное оборудование 
VMEE-M,VMEE-M, Испытательное оборудование 
P004-004-BL,P004-004-BL, Испытательное оборудование 
P004-004-RD,P004-004-RD, Испытательное оборудование 
P004-004-YW,P004-004-YW, Испытательное оборудование 
P004-006,P004-006, Испытательное оборудование 
P004-006-13A,P004-006-13A, Испытательное оборудование 
P004-006-AOR,P004-006-AOR, Испытательное оборудование 
P004-008,P004-008, Испытательное оборудование 
P005-002-14LA,P005-002-14LA, Испытательное оборудование 
P005-002-AGN,P005-002-AGN, Испытательное оборудование 
P005-002-ARD,P005-002-ARD, Испытательное оборудование 
P005-006,P005-006, Испытательное оборудование 
P005-006-14LA,P005-006-14LA, Испытательное оборудование 
P005-006-14RA,P005-006-14RA, Испытательное оборудование 
P005-006-BL,P005-006-BL, Испытательное оборудование 
P005-006-RD,P005-006-RD, Испытательное оборудование 
P005-006-YW,P005-006-YW, Испытательное оборудование 
P005-010,P005-010, Испытательное оборудование 
P006-001,P006-001, Испытательное оборудование 
P006-003,P006-003, Испытательное оборудование 
P006-004,P006-004, Испытательное оборудование 
P006-004-BL,P006-004-BL, Испытательное оборудование 
P006-004-GN,P006-004-GN, Испытательное оборудование 
P006-004-RD,P006-004-RD, Испытательное оборудование 
P006-004-YW,P006-004-YW, Испытательное оборудование 
P006-006-13LA,P006-006-13LA, Испытательное оборудование 
P006-006-2,P006-006-2, Испытательное оборудование 
P006-010,P006-010, Испытательное оборудование 
P006-010-13RA,P006-010-13RA, Испытательное оборудование 
P006-010-HG10,P006-010-HG10, Испытательное оборудование 
P006-015,P006-015, Испытательное оборудование 
P006-025,P006-025, Испытательное оборудование 
P006-C08-HG10,P006-C08-HG10, Испытательное оборудование 
P007-002,P007-002, Испытательное оборудование 
P007-003,P007-003, Испытательное оборудование 
P007-006,P007-006, Испытательное оборудование 
P007-012,P007-012, Испытательное оборудование 
P012-006,P012-006, Испытательное оборудование 
P013-010,P013-010, Испытательное оборудование 
P018-002,P018-002, Испытательное оборудование 
P018-002-AGN,P018-002-AGN, Испытательное оборудование 
P018-002-ARD,P018-002-ARD, Испытательное оборудование 
P018-002-AWH,P018-002-AWH, Испытательное оборудование 
P018-003,P018-003, Испытательное оборудование 
P018-003-AWH,P018-003-AWH, Испытательное оборудование 
P018-006-ABL,P018-006-ABL, Испытательное оборудование 
P018-006-ARD,P018-006-ARD, Испытательное оборудование 
P018-006-AWH,P018-006-AWH, Испытательное оборудование 
P018-010,P018-010, Испытательное оборудование 
P022-001-2,P022-001-2, Испытательное оборудование 
P022-006,P022-006, Испытательное оборудование 
P022-010,P022-010, Испытательное оборудование 
P022-012,P022-012, Испытательное оборудование 
P023-001,P023-001, Испытательное оборудование 
P024-003,P024-003, Испытательное оборудование 
P024-006-13A,P024-006-13A, Испытательное оборудование 
P024-010-13A,P024-010-13A, Испытательное оборудование 
P024-015,P024-015, Испытательное оборудование 
P024-025-13A,P024-025-13A, Испытательное оборудование 
P024-18N-13A-2R,P024-18N-13A-2R, Испытательное оборудование 
P032-007,P032-007, Испытательное оборудование 
P034-008,P034-008, Испытательное оборудование 
P036-002,P036-002, Испытательное оборудование 
P036-002-6,P036-002-6, Испытательное оборудование 
P036-006,P036-006, Испытательное оборудование 
P036-006-2C19,P036-006-2C19, Испытательное оборудование 
P036-010,P036-010, Испытательное оборудование 
P036-010-15A,P036-010-15A, Испытательное оборудование 
P039-001-2,P039-001-2, Испытательное оборудование 
P040-006,P040-006, Испытательное оборудование 
P040-014,P040-014, Испытательное оборудование 
P041-008,P041-008, Испытательное оборудование 
P044-06I,P044-06I, Испытательное оборудование 
P045-010,P045-010, Испытательное оборудование 
P046-015-LL,P046-015-LL, Испытательное оборудование 
P046-06N,P046-06N, Испытательное оборудование 
P047-002,P047-002, Испытательное оборудование 
P047-006,P047-006, Испытательное оборудование 
P050-008,P050-008, Испытательное оборудование 
PR10,PR10, Испытательное оборудование 
PR12,PR12, Испытательное оборудование 
PR20,PR20, Испытательное оборудование 
PR4.5,PR4.5, Испытательное оборудование 
PR7,PR7, Испытательное оборудование 
010-0133,010-0133, Испытательное оборудование 
mp0-7000,mp0-7000, Испытательное оборудование 
 17001A 10 B1 , 17001A 10 B1 , Испытательное оборудование 
 17020A 8 S2 , 17020A 8 S2 , Испытательное оборудование 
 17026A 10 B1 , 17026A 10 B1 , Испытательное оборудование 
 17030 8 S2 , 17030 8 S2 , Испытательное оборудование 
 17031 8 S2 , 17031 8 S2 , Испытательное оборудование 
 17036 10 H100 , 17036 10 H100 , Испытательное оборудование 
 17038A 10 C3 , 17038A 10 C3 , Испытательное оборудование 
 17041A 10 B1 , 17041A 10 B1 , Испытательное оборудование 
 17042A 10 B1 , 17042A 10 B1 , Испытательное оборудование 
 17205 10 B1 , 17205 10 B1 , Испытательное оборудование 
 17250 10 B1 , 17250 10 B1 , Испытательное оборудование 
 17251 10 B1 , 17251 10 B1 , Испытательное оборудование 
 17255 10 B1 , 17255 10 B1 , Испытательное оборудование 
 17268A 10 B1 , 17268A 10 B1 , Испытательное оборудование 
 17269A 10 B1 , 17269A 10 B1 , Испытательное оборудование 
 17270A 10 B1 , 17270A 10 B1 , Испытательное оборудование 
 17273A 10 B1 , 17273A 10 B1 , Испытательное оборудование 
 17275A 10 B1 , 17275A 10 B1 , Испытательное оборудование 
 17276 8 C3 , 17276 8 C3 , Испытательное оборудование 
 17412 10 B1 , 17412 10 B1 , Испытательное оборудование 
 17461 10 S2 , 17461 10 S2 , Испытательное оборудование 
 17463 10 S2 , 17463 10 S2 , Испытательное оборудование 
 17502 10 B1 , 17502 10 B1 , Испытательное оборудование 
 17504A 10 B1 , 17504A 10 B1 , Испытательное оборудование 
 17506A 10 B1 , 17506A 10 B1 , Испытательное оборудование 
 17507 10 B1 , 17507 10 B1 , Испытательное оборудование 
 17508A 10 B1 , 17508A 10 B1 , Испытательное оборудование 
 17512 10 B1 , 17512 10 B1 , Испытательное оборудование 
 17513 10 B1 , 17513 10 B1 , Испытательное оборудование 
 17514 10 B1 , 17514 10 B1 , Испытательное оборудование 
 17516 10 B1 , 17516 10 B1 , Испытательное оборудование 
 17517 10 B1 , 17517 10 B1 , Испытательное оборудование 
 17518 10 B1 , 17518 10 B1 , Испытательное оборудование 
 17519 10 B1 , 17519 10 B1 , Испытательное оборудование 
 17521 10 B1 , 17521 10 B1 , Испытательное оборудование 
 17523 10 B1 , 17523 10 B1 , Испытательное оборудование 
 17525 10 B1 , 17525 10 B1 , Испытательное оборудование 
 17534 10 B1 , 17534 10 B1 , Испытательное оборудование 
 17537 10 B1 , 17537 10 B1 , Испытательное оборудование 
 17539 10 B1 , 17539 10 B1 , Испытательное оборудование 
 17566 10 C3 , 17566 10 C3 , Испытательное оборудование 
 17568 10 C3 , 17568 10 C3 , Испытательное оборудование 
 17569 10 C3 , 17569 10 C3 , Испытательное оборудование 
 17600 10 B1 , 17600 10 B1 , Испытательное оборудование 
 17601 10 B1 , 17601 10 B1 , Испытательное оборудование 
 17602 10 B1 , 17602 10 B1 , Испытательное оборудование 
 17603 10 B1 , 17603 10 B1 , Испытательное оборудование 
 17606 10 B1 , 17606 10 B1 , Испытательное оборудование 
 17615 10 B1 , 17615 10 B1 , Испытательное оборудование 
 17616 10 B1 , 17616 10 B1 , Испытательное оборудование 
 17617 10 B1 , 17617 10 B1 , Испытательное оборудование 
 17619 10 B1 , 17619 10 B1 , Испытательное оборудование 
 17621 10 B1 , 17621 10 B1 , Испытательное оборудование 
 17625 10 B1 , 17625 10 B1 , Испытательное оборудование 
 17629 10 B1 , 17629 10 B1 , Испытательное оборудование 
 17635 10 S2 , 17635 10 S2 , Испытательное оборудование 
 17651 10 C3 , 17651 10 C3 , Испытательное оборудование 
 17660 10 C3 , 17660 10 C3 , Испытательное оборудование 
 17666 10 C3 , 17666 10 C3 , Испытательное оборудование 
 17726 10 B1 , 17726 10 B1 , Испытательное оборудование 
 17740 10 B1 , 17740 10 B1 , Испытательное оборудование 
 17741 10 B1 , 17741 10 B1 , Испытательное оборудование 
 17745 10 B1 , 17745 10 B1 , Испытательное оборудование 
 17748 10 B1 , 17748 10 B1 , Испытательное оборудование 
 17751 10 B1 , 17751 10 B1 , Испытательное оборудование 
 17758 10 B1 , 17758 10 B1 , Испытательное оборудование 
 17801 10 C3 , 17801 10 C3 , Испытательное оборудование 
 17801 326 C3 , 17801 326 C3 , Испытательное оборудование 
 17820 326 H25 , 17820 326 H25 , Испытательное оборудование 
 17850 10 C3 , 17850 10 C3 , Испытательное оборудование 
 17850 326 C3 , 17850 326 C3 , Испытательное оборудование 
 17904 10 B1 , 17904 10 B1 , Испытательное оборудование 
 17905 10 B1 , 17905 10 B1 , Испытательное оборудование 
 17906 10 B1 , 17906 10 B1 , Испытательное оборудование 
 17962 10 C3 , 17962 10 C3 , Испытательное оборудование 
 17966 8 S15 , 17966 8 S15 , Испытательное оборудование 
 17967 8 , 17967 8 , Испытательное оборудование 
 17968 8 , 17968 8 , Испытательное оборудование 
 17970 8 , 17970 8 , Испытательное оборудование 
 2104H 10 C3 , 2104H 10 C3 , Испытательное оборудование 
 2112H 10 C3 , 2112H 10 C3 , Испытательное оборудование 
 2115H 10 C3 , 2115H 10 C3 , Испытательное оборудование 
 2125H 10 C3 , 2125H 10 C3 , Испытательное оборудование 
 2131H 10 C3 , 2131H 10 C3 , Испытательное оборудование 
 2146H 10 C3 , 2146H 10 C3 , Испытательное оборудование 
 2154H 10 C3 , 2154H 10 C3 , Испытательное оборудование 
 2160H 10 C3 , 2160H 10 C3 , Испытательное оборудование 
 2165H 10 C3 , 2165H 10 C3 , Испытательное оборудование 
2170H,2170H, Испытательное оборудование 
2171H,2171H, Испытательное оборудование 
2172H,2172H, Испытательное оборудование 
 40295 10 , 40295 10 , Испытательное оборудование 
 40295 A99 , 40295 A99 , Испытательное оборудование 
 40328 10 , 40328 10 , Испытательное оборудование 
 40339 10 , 40339 10 , Испытательное оборудование 
 40434 B59 , 40434 B59 , Испытательное оборудование 
6491,6491, Испытательное оборудование 
6601,6601, Испытательное оборудование 
VC-1034-21-180,VC-1034-21-180, Испытательное оборудование 
VC-1434-21-180,VC-1434-21-180, Испытательное оборудование 
VL-0124-05-150,VL-0124-05-150, Испытательное оборудование 
VL-0124-05-200,VL-0124-05-200, Испытательное оборудование 
VL-0124-05-300,VL-0124-05-300, Испытательное оборудование 
VL-0824-05-300,VL-0824-05-300, Испытательное оборудование 
VL-1036-24-200,VL-1036-24-200, Испытательное оборудование 
VL-1436-24-200,VL-1436-24-200, Испытательное оборудование 
VL-1724-21-150,VL-1724-21-150, Испытательное оборудование 
VL-1724-23-300,VL-1724-23-300, Испытательное оборудование 
VL-2224-34-150,VL-2224-34-150, Испытательное оборудование 
VL-2224-35-300,VL-2224-35-300, Испытательное оборудование 
VL-2236-36-200,VL-2236-36-200, Испытательное оборудование 
VL-2624-31-150,VL-2624-31-150, Испытательное оборудование 
VL-2624-32-200,VL-2624-32-200, Испытательное оборудование 
VL-2624-32-300,VL-2624-32-300, Испытательное оборудование 
101740-078-958,101740-078-958, Испытательное оборудование 
5903.17.0005,5903.17.0005, Испытательное оборудование 
5903_N-50-1_199_NE,5903_N-50-1_199_NE, Испытательное оборудование 
5903_N-50-200_19-_NE,5903_N-50-200_19-_NE, Испытательное оборудование 
5903_SMA-50-1_19-_NE,5903_SMA-50-1_19-_NE, Испытательное оборудование 
5906.17.0003,5906.17.0003, Испытательное оборудование 
5906.17.0004,5906.17.0004, Испытательное оборудование 
5906.17.0005,5906.17.0005, Испытательное оборудование 
5906.19.0004,5906.19.0004, Испытательное оборудование 
5906_N-50-010_199_NE,5906_N-50-010_199_NE, Испытательное оборудование 
5910_N-50-200_19-_NE,5910_N-50-200_19-_NE, Испытательное оборудование 
5910_SMA-50-050_19-_NE,5910_SMA-50-050_19-_NE, Испытательное оборудование 
5930_N-50-1_199_NE,5930_N-50-1_199_NE, Испытательное оборудование 
5940_N-50-010_199_NE,5940_N-50-010_199_NE, Испытательное оборудование 
5940_N-50-6_199_NE,5940_N-50-6_199_NE, Испытательное оборудование 
6601_SMA-50-3_199_NE,6601_SMA-50-3_199_NE, Испытательное оборудование 
6603_SK-50-1_199_NE,6603_SK-50-1_199_NE, Испытательное оборудование 
6603_SMA-50-3_199_NE,6603_SMA-50-3_199_NE, Испытательное оборудование 
6604_SMA-50-3_199_NE,6604_SMA-50-3_199_NE, Испытательное оборудование 
6610_SK-50-1_199_NE,6610_SK-50-1_199_NE, Испытательное оборудование 
6801.01.A,6801.01.A, Испытательное оборудование 
6803.17.A,6803.17.A, Испытательное оборудование 
6820.19.A,6820.19.A, Испытательное оборудование 
6830.19.A,6830.19.A, Испытательное оборудование 
6906.02.A,6906.02.A, Испытательное оборудование 
19AS101-K03E3,19AS101-K03E3, Испытательное оборудование 
19AS101-K10E3,19AS101-K10E3, Испытательное оборудование 
28AS102-K10S3,28AS102-K10S3, Испытательное оборудование 
28AS102-K30S3,28AS102-K30S3, Испытательное оборудование 
32AS102-K30S3,32AS102-K30S3, Испытательное оборудование 
60K36R-MSON3,60K36R-MSON3, Испытательное оборудование 
BU-3261410-4,BU-3261410-4, Испытательное оборудование 
SDL500-NIST,SDL500-NIST, Испытательное оборудование 
PA-LEADSET,PA-LEADSET, Испытательное оборудование 
SVMFL-SVPC,SVMFL-SVPC, Испытательное оборудование 
AT-405-WPJ,AT-405-WPJ, Испытательное оборудование 
AT-409-WPJ,AT-409-WPJ, Испытательное оборудование 
100023-009-922,100023-009-922, Испытательное оборудование 
101740-001-958,101740-001-958, Испытательное оборудование 
101881-000,101881-000, Испытательное оборудование 
MM121700,MM121700, Испытательное оборудование 
MM126517,MM126517, Испытательное оборудование 
LOG-0002-025G-8GB-AL,LOG-0002-025G-8GB-AL, Испытательное оборудование 
LOG-0002-02KG-8GB-AL,LOG-0002-02KG-8GB-AL, Испытательное оборудование 
LOG-0002-500G-8GB-PC,LOG-0002-500G-8GB-PC, Испытательное оборудование 
LOG-0003-16G-1GB-PC,LOG-0003-16G-1GB-PC, Испытательное оборудование 
BB-PWRCORD-UK,BB-PWRCORD-UK, Испытательное оборудование 
68-024-01,68-024-01, Испытательное оборудование 
700HPM,700HPM, Испытательное оборудование 
7109-2080,7109-2080, Испытательное оборудование 
 FLUKE EPE TRAINING SET , FLUKE EPE TRAINING SET , Испытательное оборудование 
 FLUKE-180LR SYSTEM , FLUKE-180LR SYSTEM , Испытательное оборудование 
 FLUKE-810_TRNG BOOK , FLUKE-810_TRNG BOOK , Испытательное оборудование 
SDL710,SDL710, Испытательное оборудование 
MXHQ87YA3000,MXHQ87YA3000, Испытательное оборудование 
17PR122,17PR122, Испытательное оборудование 
ATT-0431-10-7MM-02,ATT-0431-10-7MM-02, Испытательное оборудование 
ATT-0431-20-7MM-02,ATT-0431-20-7MM-02, Испытательное оборудование 
ATT-0473-01-SMA-07,ATT-0473-01-SMA-07, Испытательное оборудование 
ATT-0473-05-SMA-07,ATT-0473-05-SMA-07, Испытательное оборудование 
ATT-0475-06-SMA-07,ATT-0475-06-SMA-07, Испытательное оборудование 
ATT-0547-10-NNN-07,ATT-0547-10-NNN-07, Испытательное оборудование 
ATT-0547-30-NNN-07,ATT-0547-30-NNN-07, Испытательное оборудование 
ATT-0553-06-SMA-07,ATT-0553-06-SMA-07, Испытательное оборудование 
ATT-0590-01-SSM-02,ATT-0590-01-SSM-02, Испытательное оборудование 
ATT-0590-15-SSM-02,ATT-0590-15-SSM-02, Испытательное оборудование 
ATT-523F-00-SMA-02,ATT-523F-00-SMA-02, Испытательное оборудование 
ATT-523F-01-SMA-02,ATT-523F-01-SMA-02, Испытательное оборудование 
ATT-523F-04-SMA-02,ATT-523F-04-SMA-02, Испытательное оборудование 
ATT-523M-10-SMA-02,ATT-523M-10-SMA-02, Испытательное оборудование 
2001-M,2001-M, Испытательное оборудование 
2288,2288, Испытательное оборудование 
4200-LC-LS-72_B,4200-LC-LS-72_B, Испытательное оборудование 
4200-LC-LS-48_B,4200-LC-LS-48_B, Испытательное оборудование 
4200-LC-LS-60_B,4200-LC-LS-60_B, Испытательное оборудование 
4200-MAG-BASE,4200-MAG-BASE, Испытательное оборудование 
4200-MOUSE,4200-MOUSE, Испытательное оборудование 
4200-UL-LS-36_B,4200-UL-LS-36_B, Испытательное оборудование 
4200-UL-LS-48_B,4200-UL-LS-48_B, Испытательное оборудование 
4200-UL-LS-60_B,4200-UL-LS-60_B, Испытательное оборудование 
LM-HS4KS-H14,LM-HS4KS-H14, Испытательное оборудование 
HD780,HD780, Испытательное оборудование 
N2862B,N2862B, Испытательное оборудование 
5920_N-50-010_199_NE,5920_N-50-010_199_NE, Испытательное оборудование 
6810.17.B,6810.17.B, Испытательное оборудование 
 TBS1052B D1 , TBS1052B D1 , Испытательное оборудование 
101115-255-952,101115-255-952, Испытательное оборудование 
ACL-7225,ACL-7225, Испытательное оборудование 
CR0060,CR0060, Испытательное оборудование 
5903.19.0001,5903.19.0001, Испытательное оборудование 
5903.41.0001,5903.41.0001, Испытательное оборудование 
5903_716-50-1_000_NE,5903_716-50-1_000_NE, Испытательное оборудование 
5903_N-50-010_199_NE,5903_N-50-010_199_NE, Испытательное оборудование 
5903_SMA-50-005_19-_NE,5903_SMA-50-005_19-_NE, Испытательное оборудование 
5903_SMA-50-010_19-_NE,5903_SMA-50-010_19-_NE, Испытательное оборудование 
5906.41.0001,5906.41.0001, Испытательное оборудование 
5906.41.0002,5906.41.0002, Испытательное оборудование 
5906_SMA-50-010_19-_NE,5906_SMA-50-010_19-_NE, Испытательное оборудование 
5907_N-50-6_199_NE,5907_N-50-6_199_NE, Испытательное оборудование 
5908_N-50-6_199_NE,5908_N-50-6_199_NE, Испытательное оборудование 
5909_N-50-6_199_NE,5909_N-50-6_199_NE, Испытательное оборудование 
5910_716-50-025_00-_NE,5910_716-50-025_00-_NE, Испытательное оборудование 
5910_N-50-010_199_NE,5910_N-50-010_199_NE, Испытательное оборудование 
5910_N-50-050_19-_NE,5910_N-50-050_19-_NE, Испытательное оборудование 
5910_N-50-1_199_NE,5910_N-50-1_199_NE, Испытательное оборудование 
5910_N-50-300_199_NE,5910_N-50-300_199_NE, Испытательное оборудование 
5910_N-50-6_199_NE,5910_N-50-6_199_NE, Испытательное оборудование 
5910_SMA-50-005_19-_NE,5910_SMA-50-005_19-_NE, Испытательное оборудование 
5910_SMA-50-010_19-_NE,5910_SMA-50-010_19-_NE, Испытательное оборудование 
5920_N-50-050_19-_NE,5920_N-50-050_19-_NE, Испытательное оборудование 
5920_N-50-1_199_NE,5920_N-50-1_199_NE, Испытательное оборудование 
5920_N-50-300_199_NE,5920_N-50-300_199_NE, Испытательное оборудование 
5920_N-50-6_199_NE,5920_N-50-6_199_NE, Испытательное оборудование 
5920_SMA-50-005_19-_NE,5920_SMA-50-005_19-_NE, Испытательное оборудование 
R414504161,R414504161, Испытательное оборудование 
5920_SMA-50-010_19-_NE,5920_SMA-50-010_19-_NE, Испытательное оборудование 
5930_716-50-025_00-_NE,5930_716-50-025_00-_NE, Испытательное оборудование 
5930_N-50-010_199_NE,5930_N-50-010_199_NE, Испытательное оборудование 
5930_N-50-025_19-_NE,5930_N-50-025_19-_NE, Испытательное оборудование 
5930_N-50-050_19-_NE,5930_N-50-050_19-_NE, Испытательное оборудование 
5930_N-50-300_199_NE,5930_N-50-300_199_NE, Испытательное оборудование 
5930_SMA-50-005_19-_NE,5930_SMA-50-005_19-_NE, Испытательное оборудование 
5930_SMA-50-050_19-_NE,5930_SMA-50-050_19-_NE, Испытательное оборудование 
5940_N-50-300_199_NE,5940_N-50-300_199_NE, Испытательное оборудование 
5940_SMA-50-010_19-_NE,5940_SMA-50-010_19-_NE, Испытательное оборудование 
6601_SMA-50-1_199_NE,6601_SMA-50-1_199_NE, Испытательное оборудование 
6601_SMA-50-2_199_NE,6601_SMA-50-2_199_NE, Испытательное оборудование 
6602_SMA-50-1_199_NE,6602_SMA-50-1_199_NE, Испытательное оборудование 
6603_PC24-50-1_199_NE,6603_PC24-50-1_199_NE, Испытательное оборудование 
6603_SMA-50-2_199_NE,6603_SMA-50-2_199_NE, Испытательное оборудование 
6604_SMA-50-1_199_NE,6604_SMA-50-1_199_NE, Испытательное оборудование 
6605_SMA-50-2_199_NE,6605_SMA-50-2_199_NE, Испытательное оборудование 
6607_SMA-50-1_199_NE,6607_SMA-50-1_199_NE, Испытательное оборудование 
6607_SMA-50-3_199_NE,6607_SMA-50-3_199_NE, Испытательное оборудование 
6608_SMA-50-2_199_NE,6608_SMA-50-2_199_NE, Испытательное оборудование 
6609_SMA-50-1_199_NE,6609_SMA-50-1_199_NE, Испытательное оборудование 
6609_SMA-50-2_199_NE,6609_SMA-50-2_199_NE, Испытательное оборудование 
6615_SMA-50-1_199_NE,6615_SMA-50-1_199_NE, Испытательное оборудование 
6801.17.A,6801.17.A, Испытательное оборудование 
6801.19.A,6801.19.A, Испытательное оборудование 
6801_N-50-1_1--_NE,6801_N-50-1_1--_NE, Испытательное оборудование 
6801_QMA-50-2_133_NE,6801_QMA-50-2_133_NE, Испытательное оборудование 
6802.01.A,6802.01.A, Испытательное оборудование 
6802.19.A,6802.19.A, Испытательное оборудование 
6802_N-50-1_1--_NE,6802_N-50-1_1--_NE, Испытательное оборудование 
6803.01.A,6803.01.A, Испытательное оборудование 
6803.17.B,6803.17.B, Испытательное оборудование 
6804.17.A,6804.17.A, Испытательное оборудование 
6804.19.A,6804.19.A, Испытательное оборудование 
59CK010-150,59CK010-150, Испытательное оборудование 
6804_QMA-50-2_133_NE,6804_QMA-50-2_133_NE, Испытательное оборудование 
6805.17.A,6805.17.A, Испытательное оборудование 
6806.17.A,6806.17.A, Испытательное оборудование 
6806.17.B,6806.17.B, Испытательное оборудование 
6806_QMA-50-2_133_NE,6806_QMA-50-2_133_NE, Испытательное оборудование 
6808.17.A,6808.17.A, Испытательное оборудование 
6808.19.A,6808.19.A, Испытательное оборудование 
6809.17.A,6809.17.A, Испытательное оборудование 
6809_N-50-1_1--_NE,6809_N-50-1_1--_NE, Испытательное оборудование 
6809_QMA-50-2_133_NE,6809_QMA-50-2_133_NE, Испытательное оборудование 
6810.01.A,6810.01.A, Испытательное оборудование 
6810.17.A,6810.17.A, Испытательное оборудование 
6810_N-50-1_1--_NE,6810_N-50-1_1--_NE, Испытательное оборудование 
6820.26.A,6820.26.A, Испытательное оборудование 
6830.01.A,6830.01.A, Испытательное оборудование 
6830.17.B,6830.17.B, Испытательное оборудование 
6830.26.A,6830.26.A, Испытательное оборудование 
6830.28.A,6830.28.A, Испытательное оборудование 
6830_N-50-1_1--_NE,6830_N-50-1_1--_NE, Испытательное оборудование 
6840_N-50-1_1--_NE,6840_N-50-1_1--_NE, Испытательное оборудование 
6903.01.A,6903.01.A, Испытательное оборудование 
6906.01.A,6906.01.A, Испытательное оборудование 
6910.01.A,6910.01.A, Испытательное оборудование 
6910.02.A,6910.02.A, Испытательное оборудование 
6920.02.A,6920.02.A, Испытательное оборудование 
6920.18.A,6920.18.A, Испытательное оборудование 
02AS122-K20S3,02AS122-K20S3, Испытательное оборудование 
02AS122-K40S3,02AS122-K40S3, Испытательное оборудование 
03AS102-K03S4,03AS102-K03S4, Испытательное оборудование 
03AS102-K20S4,03AS102-K20S4, Испытательное оборудование 
03AS122-K40S3,03AS122-K40S3, Испытательное оборудование 
08AS102-K06S3,08AS102-K06S3, Испытательное оборудование 
08AS102-K10S3,08AS102-K10S3, Испытательное оборудование 
08AS102-K40S3,08AS102-K40S3, Испытательное оборудование 
19AS101-K30E3,19AS101-K30E3, Испытательное оборудование 
28AS102-K03S3,28AS102-K03S3, Испытательное оборудование 
28AS102-K06S3,28AS102-K06S3, Испытательное оборудование 
32AS102-K06S3,32AS102-K06S3, Испытательное оборудование 
R412500000,R412500000, Испытательное оборудование 
R411801000,R411801000, Испытательное оборудование 
R411810000,R411810000, Испытательное оборудование 
R921921350,R921921350, Испытательное оборудование 
R941199000,R941199000, Испытательное оборудование 
R941360000,R941360000, Испытательное оборудование 
R948141602,R948141602, Испытательное оборудование 
5806-306,5806-306, Испытательное оборудование 
BU-109-0,BU-109-0, Испытательное оборудование 
BU-3261410-6,BU-3261410-6, Испытательное оборудование 
BU-3261410-9,BU-3261410-9, Испытательное оборудование 
4614-0-31-01-47-14-04-0,4614-0-31-01-47-14-04-0, Испытательное оборудование 
 H3CR-A AC100-240_DC100-125 , H3CR-A AC100-240_DC100-125 , Испытательное оборудование 
TQ3660,TQ3660, Испытательное оборудование 
196350400,196350400, Испытательное оборудование 
206064900,206064900, Испытательное оборудование 
2380-002,2380-002, Испытательное оборудование 
HV-CS-1589,HV-CS-1589, Испытательное оборудование 
 RSA306B D1 , RSA306B D1 , Испытательное оборудование 
SVMNL-SVPC,SVMNL-SVPC, Испытательное оборудование 
AT-427-WJJ,AT-427-WJJ, Испытательное оборудование 
100023-005-922,100023-005-922, Испытательное оборудование 
100024-002-942,100024-002-942, Испытательное оборудование 
100068-000-HT,100068-000-HT, Испытательное оборудование 
100164-021-920,100164-021-920, Испытательное оборудование 
100164-025-920,100164-025-920, Испытательное оборудование 
100164-032-920,100164-032-920, Испытательное оборудование 
100164-034-920,100164-034-920, Испытательное оборудование 
100164-050-920,100164-050-920, Испытательное оборудование 
100165-033-952,100165-033-952, Испытательное оборудование 
101057-010-952,101057-010-952, Испытательное оборудование 
101115-172-922,101115-172-922, Испытательное оборудование 
101115-256-952,101115-256-952, Испытательное оборудование 
101115-257-952,101115-257-952, Испытательное оборудование 
101115-258-952,101115-258-952, Испытательное оборудование 
101115-259-952,101115-259-952, Испытательное оборудование 
101384-013-927,101384-013-927, Испытательное оборудование 
101384-015-927,101384-015-927, Испытательное оборудование 
101384-019-927,101384-019-927, Испытательное оборудование 
101384-043-927,101384-043-927, Испытательное оборудование 
101880-000,101880-000, Испытательное оборудование 
300106-000-1103,300106-000-1103, Испытательное оборудование 
300106-000-5000,300106-000-5000, Испытательное оборудование 
301110-000-0201,301110-000-0201, Испытательное оборудование 
623-0195-09,623-0195-09, Испытательное оборудование 
623-0195-H2,623-0195-H2, Испытательное оборудование 
623-0195-H8,623-0195-H8, Испытательное оборудование 
623-0248-01,623-0248-01, Испытательное оборудование 
623-0249-01,623-0249-01, Испытательное оборудование 
623-0249-03,623-0249-03, Испытательное оборудование 
623-0249-H1,623-0249-H1, Испытательное оборудование 
623-0270-03,623-0270-03, Испытательное оборудование 
623-0270-H1,623-0270-H1, Испытательное оборудование 
623-0286-02,623-0286-02, Испытательное оборудование 
 S-00-ES-2-G D_C , S-00-ES-2-G D_C , Испытательное оборудование 
M19113,M19113, Испытательное оборудование 
MM121501,MM121501, Испытательное оборудование 
MM126511,MM126511, Испытательное оборудование 
MM126524,MM126524, Испытательное оборудование 
MM126525,MM126525, Испытательное оборудование 
MM126527,MM126527, Испытательное оборудование 
MM126714,MM126714, Испытательное оборудование 
905312,905312, Испытательное оборудование 
905313,905313, Испытательное оборудование 
905318,905318, Испытательное оборудование 
LOG-0002-02KG-2GB-AL,LOG-0002-02KG-2GB-AL, Испытательное оборудование 
LOG-0002-100G-8GB-AL,LOG-0002-100G-8GB-AL, Испытательное оборудование 
LOG-0002-100G-8GB-PC,LOG-0002-100G-8GB-PC, Испытательное оборудование 
BB-PWRCORD-AUS,BB-PWRCORD-AUS, Испытательное оборудование 
BB-PWRCORD-EU,BB-PWRCORD-EU, Испытательное оборудование 
6109A-156,6109A-156, Испытательное оборудование 
7109-2013-1,7109-2013-1, Испытательное оборудование 
7109-2051,7109-2051, Испытательное оборудование 
CASE-PMM,CASE-PMM, Испытательное оборудование 
FLUKE-1732_EUS,FLUKE-1732_EUS, Испытательное оборудование 
FLUKE-1734_EUS,FLUKE-1734_EUS, Испытательное оборудование 
FLUKE-LDG,FLUKE-LDG, Испытательное оборудование 
PK-2271A-NPT-HC20,PK-2271A-NPT-HC20, Испытательное оборудование 
PK-2271A-NPT-P3K,PK-2271A-NPT-P3K, Испытательное оборудование 
PK-ADPTR-HC20,PK-ADPTR-HC20, Испытательное оборудование 
PK-ADPTR-P3K,PK-ADPTR-P3K, Испытательное оборудование 
PM200-A200K,PM200-A200K, Испытательное оборудование 
PM200-BG250K,PM200-BG250K, Испытательное оборудование 
PM200-BG60K,PM200-BG60K, Испытательное оборудование 
PM200-G7M,PM200-G7M, Испытательное оборудование 
 RSE600 60 Hz , RSE600 60 Hz , Испытательное оборудование 
SK-2271A-SRVC,SK-2271A-SRVC, Испытательное оборудование 
SK-2271A-USER,SK-2271A-USER, Испытательное оборудование 
75605-0500,75605-0500, Испытательное оборудование 
75501-1101,75501-1101, Испытательное оборудование 
75502-0202,75502-0202, Испытательное оборудование 
75503-1300,75503-1300, Испытательное оборудование 
75604-0404,75604-0404, Испытательное оборудование 
75604-1404,75604-1404, Испытательное оборудование 
75605-1500,75605-1500, Испытательное оборудование 
76005-0505,76005-0505, Испытательное оборудование 
76006-0600,76006-0600, Испытательное оборудование 
SDL730,SDL730, Испытательное оборудование 
81683-00,81683-00, Испытательное оборудование 
2461-EC,2461-EC, Испытательное оборудование 
EC-UPGRADE,EC-UPGRADE, Испытательное оборудование 
MM121500,MM121500, Испытательное оборудование 
1700000237,1700000237, Испытательное оборудование 
1700001947,1700001947, Испытательное оборудование 
1700008921,1700008921, Испытательное оборудование 
HVFO100-5X-TIP,HVFO100-5X-TIP, Испытательное оборудование 
16BJ381,16BJ381, Испытательное оборудование 
ATT-0220-03-7MM-02,ATT-0220-03-7MM-02, Испытательное оборудование 
ATT-0224-06-TNC-02,ATT-0224-06-TNC-02, Испытательное оборудование 
ATT-0303-10-SMA-07,ATT-0303-10-SMA-07, Испытательное оборудование 
ATT-0303-40-SMA-07,ATT-0303-40-SMA-07, Испытательное оборудование 
ATT-0390-40-NNN-07,ATT-0390-40-NNN-07, Испытательное оборудование 
ATT-0392-30-NNN-07,ATT-0392-30-NNN-07, Испытательное оборудование 
ATT-0472-03-SMA-07,ATT-0472-03-SMA-07, Испытательное оборудование 
ATT-0475-02-SMA-07,ATT-0475-02-SMA-07, Испытательное оборудование 
ATT-0475-10-SMA-07,ATT-0475-10-SMA-07, Испытательное оборудование 
ATT-0527-10-SMA-07,ATT-0527-10-SMA-07, Испытательное оборудование 
ATT-0527-30-SMA-07,ATT-0527-30-SMA-07, Испытательное оборудование 
ATT-0528-20-NNN-07,ATT-0528-20-NNN-07, Испытательное оборудование 
ATT-0528-30-NNN-07,ATT-0528-30-NNN-07, Испытательное оборудование 
ATT-0553-10-SMA-07,ATT-0553-10-SMA-07, Испытательное оборудование 
ATT-0590-09-SSM-02,ATT-0590-09-SSM-02, Испытательное оборудование 
ATT-451M-00-SMA-02,ATT-451M-00-SMA-02, Испытательное оборудование 
ATT-451M-01-SMA-02,ATT-451M-01-SMA-02, Испытательное оборудование 
ATT-451M-06-SMA-02,ATT-451M-06-SMA-02, Испытательное оборудование 
ATT-451M-08-SMA-02,ATT-451M-08-SMA-02, Испытательное оборудование 
ATT-451M-20-SMA-02,ATT-451M-20-SMA-02, Испытательное оборудование 
ATT-523M-20-SMA-02,ATT-523M-20-SMA-02, Испытательное оборудование 
M3933_14-15N,M3933_14-15N, Испытательное оборудование 
M3933_24-01N,M3933_24-01N, Испытательное оборудование 
M3933_24-01S,M3933_24-01S, Испытательное оборудование 
M3933_24-02N,M3933_24-02N, Испытательное оборудование 
4200-CART,4200-CART, Испытательное оборудование 
4225-RPM,4225-RPM, Испытательное оборудование 
9139A-VMK,9139A-VMK, Испытательное оборудование 
16BJ382,16BJ382, Испытательное оборудование 
MXGS83RK3000,MXGS83RK3000, Испытательное оборудование 
3MAS-DMA-010,3MAS-DMA-010, Испытательное оборудование 
86052-00,86052-00, Испытательное оборудование 
M00558-00,M00558-00, Испытательное оборудование 
310-0100,310-0100, Испытательное оборудование 
310-0500,310-0500, Испытательное оборудование 
302-0100,302-0100, Испытательное оборудование 
302-0500,302-0500, Испытательное оборудование 
304-0000,304-0000, Испытательное оборудование 
351-0000,351-0000, Испытательное оборудование 
 552-0100 BLK , 552-0100 BLK , Испытательное оборудование 
 552-0200 BLU , 552-0200 BLU , Испытательное оборудование 
 552-0400 GRN , 552-0400 GRN , Испытательное оборудование 
 552-0700 YEL , 552-0700 YEL , Испытательное оборудование 
551-0100,551-0100, Испытательное оборудование 
551-0500,551-0500, Испытательное оборудование 
563-0100,563-0100, Испытательное оборудование 
563-0500,563-0500, Испытательное оборудование 
571-0400,571-0400, Испытательное оборудование 
571-0600,571-0600, Испытательное оборудование 
164-R134B-EX,164-R134B-EX, Испытательное оборудование 
579-0100,579-0100, Испытательное оборудование 
579-0500,579-0500, Испытательное оборудование 
580-0100,580-0100, Испытательное оборудование 
174-R27AB-EX,174-R27AB-EX, Испытательное оборудование 
174-R802-EX,174-R802-EX, Испытательное оборудование 
174-R8120-EX,174-R8120-EX, Испытательное оборудование 
174-R884-EX,174-R884-EX, Испытательное оборудование 
383-3M0H01,383-3M0H01, Испытательное оборудование 
02KR107-P0AS4,02KR107-P0AS4, Испытательное оборудование 
02KR121-K0AS4,02KR121-K0AS4, Испытательное оборудование 
02KR121-S0AS4,02KR121-S0AS4, Испытательное оборудование 
02KR121-SR00S4,02KR121-SR00S4, Испытательное оборудование 
R280420010,R280420010, Испытательное оборудование 
R410103121,R410103121, Испытательное оборудование 
R410120121,R410120121, Испытательное оборудование 
R410203121,R410203121, Испытательное оборудование 
R411700124,R411700124, Испытательное оборудование 
R411703124,R411703124, Испытательное оборудование 
R411707124,R411707124, Испытательное оборудование 
R411708124,R411708124, Испытательное оборудование 
R411709124,R411709124, Испытательное оборудование 
R411713124,R411713124, Испытательное оборудование 
R411716124,R411716124, Испытательное оборудование 
R411717124,R411717124, Испытательное оборудование 
R411800121,R411800121, Испытательное оборудование 
R411800124,R411800124, Испытательное оборудование 
R411801121,R411801121, Испытательное оборудование 
R411804119,R411804119, Испытательное оборудование 
R411804124,R411804124, Испытательное оборудование 
R411805119,R411805119, Испытательное оборудование 
R411806119,R411806119, Испытательное оборудование 
R411808121,R411808121, Испытательное оборудование 
R411809121,R411809121, Испытательное оборудование 
R411811121,R411811121, Испытательное оборудование 
R411811124,R411811124, Испытательное оборудование 
R411812121,R411812121, Испытательное оборудование 
R411812124,R411812124, Испытательное оборудование 
R411813121,R411813121, Испытательное оборудование 
R411814121,R411814121, Испытательное оборудование 
R411814124,R411814124, Испытательное оборудование 
R411815124,R411815124, Испытательное оборудование 
R411816121,R411816121, Испытательное оборудование 
R411817124,R411817124, Испытательное оборудование 
R411818121,R411818121, Испытательное оборудование 
R411818124,R411818124, Испытательное оборудование 
R411819121,R411819121, Испытательное оборудование 
R411819124,R411819124, Испытательное оборудование 
R411830119,R411830119, Испытательное оборудование 
R412402000,R412402000, Испытательное оборудование 
R412404000,R412404000, Испытательное оборудование 
R412405124,R412405124, Испытательное оборудование 
R412407124,R412407124, Испытательное оборудование 
R412408124,R412408124, Испытательное оборудование 
R412409124,R412409124, Испытательное оборудование 
R412410000,R412410000, Испытательное оборудование 
R412411124,R412411124, Испытательное оборудование 
R412413000,R412413000, Испытательное оборудование 
R412414000,R412414000, Испытательное оборудование 
R412415000,R412415000, Испытательное оборудование 
R412416124,R412416124, Испытательное оборудование 
R412417000,R412417000, Испытательное оборудование 
R412417124,R412417124, Испытательное оборудование 
R412450000,R412450000, Испытательное оборудование 
R414506000,R414506000, Испытательное оборудование 
R414506161,R414506161, Испытательное оборудование 
R414508161,R414508161, Испытательное оборудование 
R414510161,R414510161, Испытательное оборудование 
R414512000,R414512000, Испытательное оборудование 
R414513161,R414513161, Испытательное оборудование 
R414514161,R414514161, Испытательное оборудование 
R414515161,R414515161, Испытательное оборудование 
R414517161,R414517161, Испытательное оборудование 
R414519161,R414519161, Испытательное оборудование 
R414520161,R414520161, Испытательное оборудование 
R414525000,R414525000, Испытательное оборудование 
R414700000,R414700000, Испытательное оборудование 
R414700161,R414700161, Испытательное оборудование 
R414701000,R414701000, Испытательное оборудование 
R414702000,R414702000, Испытательное оборудование 
R414702161,R414702161, Испытательное оборудование 
R414704000,R414704000, Испытательное оборудование 
R414705000,R414705000, Испытательное оборудование 
R414707000,R414707000, Испытательное оборудование 
R414708161,R414708161, Испытательное оборудование 
R414709161,R414709161, Испытательное оборудование 
R414711161,R414711161, Испытательное оборудование 
R414714161,R414714161, Испытательное оборудование 
R414715000,R414715000, Испытательное оборудование 
R414716161,R414716161, Испытательное оборудование 
R414717161,R414717161, Испытательное оборудование 
R414725000,R414725000, Испытательное оборудование 
R414740000,R414740000, Испытательное оборудование 
R414750000,R414750000, Испытательное оборудование 
R414760000,R414760000, Испытательное оборудование 
R415303000,R415303000, Испытательное оборудование 
R415310000,R415310000, Испытательное оборудование 
R415320000,R415320000, Испытательное оборудование 
R415403000,R415403000, Испытательное оборудование 
R415406000,R415406000, Испытательное оборудование 
R415410000,R415410000, Испытательное оборудование 
R415420000,R415420000, Испытательное оборудование 
R415506000,R415506000, Испытательное оборудование 
R415510000,R415510000, Испытательное оборудование 
R415520000,R415520000, Испытательное оборудование 
R415703000,R415703000, Испытательное оборудование 
R415706000,R415706000, Испытательное оборудование 
R415710000,R415710000, Испытательное оборудование 
R416003000,R416003000, Испытательное оборудование 
R416103000,R416103000, Испытательное оборудование 
R416120000,R416120000, Испытательное оборудование 
R416803000,R416803000, Испытательное оборудование 
R416810000,R416810000, Испытательное оборудование 
R416820000,R416820000, Испытательное оборудование 
R417003110,R417003110, Испытательное оборудование 
R417003130,R417003130, Испытательное оборудование 
R417006120,R417006120, Испытательное оборудование 
R417010130,R417010130, Испытательное оборудование 
R417020110,R417020110, Испытательное оборудование 
R417020130,R417020130, Испытательное оборудование 
R417030110,R417030110, Испытательное оборудование 
R417030130,R417030130, Испытательное оборудование 
R417103110,R417103110, Испытательное оборудование 
R417103130,R417103130, Испытательное оборудование 
R417106130,R417106130, Испытательное оборудование 
R417110130,R417110130, Испытательное оборудование 
R417130110,R417130110, Испытательное оборудование 
R417130130,R417130130, Испытательное оборудование 
R417203110,R417203110, Испытательное оборудование 
R417203130,R417203130, Испытательное оборудование 
R417210110,R417210110, Испытательное оборудование 
R417210130,R417210130, Испытательное оборудование 
R417220110,R417220110, Испытательное оборудование 
R417220120,R417220120, Испытательное оборудование 
R417230130,R417230130, Испытательное оборудование 
R417303110,R417303110, Испытательное оборудование 
R417303130,R417303130, Испытательное оборудование 
R417306110,R417306110, Испытательное оборудование 
R417306130,R417306130, Испытательное оборудование 
R417310130,R417310130, Испытательное оборудование 
R417320110,R417320110, Испытательное оборудование 
R417320130,R417320130, Испытательное оборудование 
R417330110,R417330110, Испытательное оборудование 
R417330130,R417330130, Испытательное оборудование 
R417503110,R417503110, Испытательное оборудование 
R417503130,R417503130, Испытательное оборудование 
R417506130,R417506130, Испытательное оборудование 
R417510110,R417510110, Испытательное оборудование 
R417510130,R417510130, Испытательное оборудование 
R417520130,R417520130, Испытательное оборудование 
R417603110,R417603110, Испытательное оборудование 
R417606130,R417606130, Испытательное оборудование 
R417610110,R417610110, Испытательное оборудование 
R417610130,R417610130, Испытательное оборудование 
R417630110,R417630110, Испытательное оборудование 
R417630130,R417630130, Испытательное оборудование 
R417703138,R417703138, Испытательное оборудование 
R417710118,R417710118, Испытательное оборудование 
R417720128,R417720128, Испытательное оборудование 
R417720138,R417720138, Испытательное оборудование 
R417803128,R417803128, Испытательное оборудование 
R417806118,R417806118, Испытательное оборудование 
R417806138,R417806138, Испытательное оборудование 
R417810128,R417810128, Испытательное оборудование 
R417810138,R417810138, Испытательное оборудование 
R417820118,R417820118, Испытательное оборудование 
R417820138,R417820138, Испытательное оборудование 
R417903128,R417903128, Испытательное оборудование 
R417903138,R417903138, Испытательное оборудование 
R417920118,R417920118, Испытательное оборудование 
R417920128,R417920128, Испытательное оборудование 
R417920138,R417920138, Испытательное оборудование 
R420320110,R420320110, Испытательное оборудование 
R420703110,R420703110, Испытательное оборудование 
R420706110,R420706110, Испытательное оборудование 
R420720110,R420720110, Испытательное оборудование 
R644131000,R644131000, Испытательное оборудование 
R644220FM,R644220FM, Испытательное оборудование 
R644230FMM,R644230FMM, Испытательное оборудование 
R644240FFMF,R644240FFMF, Испытательное оборудование 
R644543000,R644543000, Испытательное оборудование 
R644543001,R644543001, Испытательное оборудование 
R644543002,R644543002, Испытательное оборудование 
R644543021,R644543021, Испытательное оборудование 
R644543023,R644543023, Испытательное оборудование 
R644833000,R644833000, Испытательное оборудование 
R644838000,R644838000, Испытательное оборудование 
R921334000,R921334000, Испытательное оборудование 
R921336000,R921336000, Испытательное оборудование 
R921420000,R921420000, Испытательное оборудование 
R921820071,R921820071, Испытательное оборудование 
R921911000,R921911000, Испытательное оборудование 
R921914000,R921914000, Испытательное оборудование 
R921920000,R921920000, Испытательное оборудование 
R921921000,R921921000, Испытательное оборудование 
R921922000,R921922000, Испытательное оборудование 
R921923000,R921923000, Испытательное оборудование 
R921924000,R921924000, Испытательное оборудование 
R921926000,R921926000, Испытательное оборудование 
R921930000,R921930000, Испытательное оборудование 
R921931000,R921931000, Испытательное оборудование 
R921933000,R921933000, Испытательное оборудование 
R921934000,R921934000, Испытательное оборудование 
R921936000,R921936000, Испытательное оборудование 
R928011000,R928011000, Испытательное оборудование 
R928013000,R928013000, Испытательное оборудование 
R928050000,R928050000, Испытательное оборудование 
R928051000,R928051000, Испытательное оборудование 
R928053000,R928053000, Испытательное оборудование 
R928141000,R928141000, Испытательное оборудование 
R928154000,R928154000, Испытательное оборудование 
R941019000,R941019000, Испытательное оборудование 
R941049000,R941049000, Испытательное оборудование 
R941330000,R941330000, Испытательное оборудование 
R941331000,R941331000, Испытательное оборудование 
R941332000,R941332000, Испытательное оборудование 
R941334000,R941334000, Испытательное оборудование 
R941336000,R941336000, Испытательное оборудование 
R941462600,R941462600, Испытательное оборудование 
R941463600,R941463600, Испытательное оборудование 
R941464600,R941464600, Испытательное оборудование 
R941920600,R941920600, Испытательное оборудование 
R948020000,R948020000, Испытательное оборудование 
R948021000,R948021000, Испытательное оборудование 
R948023000,R948023000, Испытательное оборудование 
R948052000,R948052000, Испытательное оборудование 
R948053000,R948053000, Испытательное оборудование 
R948063000,R948063000, Испытательное оборудование 
R948071000,R948071000, Испытательное оборудование 
R948072000,R948072000, Испытательное оборудование 
R948130002,R948130002, Испытательное оборудование 
R948130029,R948130029, Испытательное оборудование 
R948130600,R948130600, Испытательное оборудование 
R948131029,R948131029, Испытательное оборудование 
R948131600,R948131600, Испытательное оборудование 
R948132000,R948132000, Испытательное оборудование 
R948132002,R948132002, Испытательное оборудование 
R948132600,R948132600, Испытательное оборудование 
R948133000,R948133000, Испытательное оборудование 
R948133002,R948133002, Испытательное оборудование 
R948133029,R948133029, Испытательное оборудование 
R948133600,R948133600, Испытательное оборудование 
R948134029,R948134029, Испытательное оборудование 
R948134600,R948134600, Испытательное оборудование 
R948140000,R948140000, Испытательное оборудование 
R948141002,R948141002, Испытательное оборудование 
R948142002,R948142002, Испытательное оборудование 
R948142029,R948142029, Испытательное оборудование 
R948143000,R948143000, Испытательное оборудование 
R948143002,R948143002, Испытательное оборудование 
R948143029,R948143029, Испытательное оборудование 
R948144002,R948144002, Испытательное оборудование 
R948150000,R948150000, Испытательное оборудование 
R948150002,R948150002, Испытательное оборудование 
R948150029,R948150029, Испытательное оборудование 
R948151029,R948151029, Испытательное оборудование 
R948152002,R948152002, Испытательное оборудование 
R948152029,R948152029, Испытательное оборудование 
R948153002,R948153002, Испытательное оборудование 
R948153029,R948153029, Испытательное оборудование 
R948154000,R948154000, Испытательное оборудование 
R948154002,R948154002, Испытательное оборудование 
R948154029,R948154029, Испытательное оборудование 
R948154600,R948154600, Испытательное оборудование 
R948160000,R948160000, Испытательное оборудование 
R948160002,R948160002, Испытательное оборудование 
R948160029,R948160029, Испытательное оборудование 
R948161002,R948161002, Испытательное оборудование 
R948161600,R948161600, Испытательное оборудование 
R948162000,R948162000, Испытательное оборудование 
R948162002,R948162002, Испытательное оборудование 
R948162029,R948162029, Испытательное оборудование 
R948163000,R948163000, Испытательное оборудование 
R948163002,R948163002, Испытательное оборудование 
R948163029,R948163029, Испытательное оборудование 
R948164000,R948164000, Испытательное оборудование 
R948164002,R948164002, Испытательное оборудование 
R948170002,R948170002, Испытательное оборудование 
R948171002,R948171002, Испытательное оборудование 
R948171029,R948171029, Испытательное оборудование 
R948174000,R948174000, Испытательное оборудование 
R948174002,R948174002, Испытательное оборудование 
R999354000,R999354000, Испытательное оборудование 
CT2969,CT2969, Испытательное оборудование 
CT2984-100-9,CT2984-100-9, Испытательное оборудование 
CT2984-200-4,CT2984-200-4, Испытательное оборудование 
CT3158-100,CT3158-100, Испытательное оборудование 
CT3255,CT3255, Испытательное оборудование 
CT3256,CT3256, Испытательное оборудование 
CT3261,CT3261, Испытательное оборудование 
CT3264,CT3264, Испытательное оборудование 
CT3268,CT3268, Испытательное оборудование 
CT3270,CT3270, Испытательное оборудование 
CT3369A-10,CT3369A-10, Испытательное оборудование 
CT3369A-14,CT3369A-14, Испытательное оборудование 
CT3369A-30,CT3369A-30, Испытательное оборудование 
CT3671,CT3671, Испытательное оборудование 
CT3874-100-0,CT3874-100-0, Испытательное оборудование 
CT3874-100-2,CT3874-100-2, Испытательное оборудование 
CT3874-100-4,CT3874-100-4, Испытательное оборудование 
CT3874-200-0,CT3874-200-0, Испытательное оборудование 
CT3874-200-2,CT3874-200-2, Испытательное оборудование 
CT3874-200-4,CT3874-200-4, Испытательное оборудование 
CT3874-200-5,CT3874-200-5, Испытательное оборудование 
CT3874-200-9,CT3874-200-9, Испытательное оборудование 
CTM-102B-0,CTM-102B-0, Испытательное оборудование 
CTM-102B-2,CTM-102B-2, Испытательное оборудование 
CTM-102BK-0,CTM-102BK-0, Испытательное оборудование 
CTM-102BK-2,CTM-102BK-2, Испытательное оборудование 
CTM-102W-0,CTM-102W-0, Испытательное оборудование 
CTM-102W-2,CTM-102W-2, Испытательное оборудование 
CTM-33699,CTM-33699, Испытательное оборудование 
CTM-49-5,CTM-49-5, Испытательное оборудование 
923698,923698, Испытательное оборудование 
923715,923715, Испытательное оборудование 
923722,923722, Испытательное оборудование 
923738-28,923738-28, Испытательное оборудование 
923739-48,923739-48, Испытательное оборудование 
923847-RD-B,923847-RD-B, Испытательное оборудование 
924961-C,924961-C, Испытательное оборудование 
924967-C,924967-C, Испытательное оборудование 
924970-C,924970-C, Испытательное оборудование 
927738-22,927738-22, Испытательное оборудование 
927739-20,927739-20, Испытательное оборудование 
DT-1000TWT,DT-1000TWT, Испытательное оборудование 
DT-1000WT,DT-1000WT, Испытательное оборудование 
IR-500,IR-500, Испытательное оборудование 
IR-999,IR-999, Испытательное оборудование 
SF0929-6204-30,SF0929-6204-30, Испытательное оборудование 
22991,22991, Испытательное оборудование 
45062,45062, Испытательное оборудование 
45063,45063, Испытательное оборудование 
 921(TV1) CUSTOM DIAL , 921(TV1) CUSTOM DIAL , Испытательное оборудование 
H335446100,H335446100, Испытательное оборудование 
M135-1-1-12-1,M135-1-1-12-1, Испытательное оборудование 
M23510230,M23510230, Испытательное оборудование 
M24502330,M24502330, Испытательное оборудование 
M24512130,M24512130, Испытательное оборудование 
105-0254-001,105-0254-001, Испытательное оборудование 
105-0260-001,105-0260-001, Испытательное оборудование 
105-1330-001,105-1330-001, Испытательное оборудование 
105-1402-032,105-1402-032, Испытательное оборудование 
105-1403-032,105-1403-032, Испытательное оборудование 
105-4204-105,105-4204-105, Испытательное оборудование 
105-4207-105,105-4207-105, Испытательное оборудование 
108-1084-001,108-1084-001, Испытательное оборудование 
108-1090-001,108-1090-001, Испытательное оборудование 
108-1300-501,108-1300-501, Испытательное оборудование 
108-2301-621,108-2301-621, Испытательное оборудование 
ATT-0333-40-SMA-02,ATT-0333-40-SMA-02, Испытательное оборудование 
3022-12,3022-12, Испытательное оборудование 
3022-20,3022-20, Испытательное оборудование 
7014,7014, Испытательное оборудование 
7015,7015, Испытательное оборудование 
7020,7020, Испытательное оборудование 
7021,7021, Испытательное оборудование 
1301270007,1301270007, Испытательное оборудование 
BU-74-2,BU-74-2, Испытательное оборудование 
86101-07A01,86101-07A01, Испытательное оборудование 
BU-00225-2,BU-00225-2, Испытательное оборудование 
BU-00260,BU-00260, Испытательное оборудование 
BU-1010-A-12-2,BU-1010-A-12-2, Испытательное оборудование 
BU-1010-A-24-2,BU-1010-A-24-2, Испытательное оборудование 
BU-1010-A-48-2,BU-1010-A-48-2, Испытательное оборудование 
BU-2031-A-12-2,BU-2031-A-12-2, Испытательное оборудование 
BU-2031-A-24-0,BU-2031-A-24-0, Испытательное оборудование 
BU-2031-A-24-2,BU-2031-A-24-2, Испытательное оборудование 
BU-2031-A-36-0,BU-2031-A-36-0, Испытательное оборудование 
BU-2031-A-36-2,BU-2031-A-36-2, Испытательное оборудование 
BU-2031-A-48-0,BU-2031-A-48-0, Испытательное оборудование 
BU-2141-D-48-2,BU-2141-D-48-2, Испытательное оборудование 
BU-2243-D-48-2,BU-2243-D-48-2, Испытательное оборудование 
BU-26103-0,BU-26103-0, Испытательное оборудование 
BU-26103-2,BU-26103-2, Испытательное оборудование 
BU-3070-C-24-0,BU-3070-C-24-0, Испытательное оборудование 
BU-3070-C-48-0,BU-3070-C-48-0, Испытательное оборудование 
BU-31610-2,BU-31610-2, Испытательное оборудование 
BU-3261410-5,BU-3261410-5, Испытательное оборудование 
BU-6162-M-78-0,BU-6162-M-78-0, Испытательное оборудование 
BU-6162-M-78-2,BU-6162-M-78-2, Испытательное оборудование 
BU-6162-N-1800-2,BU-6162-N-1800-2, Испытательное оборудование 
BU-6162-N-1800-4,BU-6162-N-1800-4, Испытательное оборудование 
BU-6162-N-1800-5,BU-6162-N-1800-5, Испытательное оборудование 
BU-6162-N-1800-9,BU-6162-N-1800-9, Испытательное оборудование 
BU-87-4,BU-87-4, Испытательное оборудование 
BU-P122505-5,BU-P122505-5, Испытательное оборудование 
JP-11286-83,JP-11286-83, Испытательное оборудование 
211018-06M,211018-06M, Испытательное оборудование 
223082-01,223082-01, Испытательное оборудование 
232003-06,232003-06, Испытательное оборудование 
350050-LD01,350050-LD01, Испытательное оборудование 
374003-A01-L1,374003-A01-L1, Испытательное оборудование 
4246,4246, Испытательное оборудование 
4742,4742, Испытательное оборудование 
5144-48-0,5144-48-0, Испытательное оборудование 
5736,5736, Испытательное оборудование 
5737,5737, Испытательное оборудование 
5739,5739, Испытательное оборудование 
5741,5741, Испытательное оборудование 
5752,5752, Испытательное оборудование 
5753,5753, Испытательное оборудование 
5754,5754, Испытательное оборудование 
5757,5757, Испытательное оборудование 
5759,5759, Испытательное оборудование 
5773-2,5773-2, Испытательное оборудование 
5830-02,5830-02, Испытательное оборудование 
6388-SC-G-2,6388-SC-G-2, Испытательное оборудование 
6501,6501, Испытательное оборудование 
72923-2,72923-2, Испытательное оборудование 
EM2842-36-2#,EM2842-36-2#, Испытательное оборудование 
EM3782-12-8#,EM3782-12-8#, Испытательное оборудование 
EM3782-60-1#,EM3782-60-1#, Испытательное оборудование 
EM4702-12-0,EM4702-12-0, Испытательное оборудование 
EM4702-18-2,EM4702-18-2, Испытательное оборудование 
EM4702-24-5,EM4702-24-5, Испытательное оборудование 
EM4702-360-0,EM4702-360-0, Испытательное оборудование 
EM4970-24#,EM4970-24#, Испытательное оборудование 
EM5223-12#,EM5223-12#, Испытательное оборудование 
EM5223-24#,EM5223-24#, Испытательное оборудование 
EMB480-5#,EMB480-5#, Испытательное оборудование 
 ACD-16 TRMS-PRO , ACD-16 TRMS-PRO , Испытательное оборудование 
AT-4001CON,AT-4001CON, Испытательное оборудование 
CC-DM-III,CC-DM-III, Испытательное оборудование 
DL248D,DL248D, Испытательное оборудование 
FA6X46MM,FA6X46MM, Испытательное оборудование 
MT5-CC,MT5-CC, Испытательное оборудование 
RTL25A,RTL25A, Испытательное оборудование 
SC-7000,SC-7000, Испытательное оборудование 
1689848-1,1689848-1, Испытательное оборудование 
2-1437502-2,2-1437502-2, Испытательное оборудование 
3-1437549-3,3-1437549-3, Испытательное оборудование 
440428-2,440428-2, Испытательное оборудование 
66001-9,66001-9, Испытательное оборудование 
8011-8G3,8011-8G3, Испытательное оборудование 
8041-1G6,8041-1G6, Испытательное оборудование 
VME64E02P01,VME64E02P01, Испытательное оборудование 
0910-1-50-00-00-00-11-0,0910-1-50-00-00-00-11-0, Испытательное оборудование 
0910-2-50-00-00-00-11-0,0910-2-50-00-00-00-11-0, Испытательное оборудование 
0910-3-50-00-00-00-11-0,0910-3-50-00-00-00-11-0, Испытательное оборудование 
0910-4-50-00-00-00-11-0,0910-4-50-00-00-00-11-0, Испытательное оборудование 
0923-0-15-20-78-14-11-0,0923-0-15-20-78-14-11-0, Испытательное оборудование 
0990-1-50-00-00-00-11-0,0990-1-50-00-00-00-11-0, Испытательное оборудование 
0990-2-50-00-00-00-11-0,0990-2-50-00-00-00-11-0, Испытательное оборудование 
0990-3-50-00-00-00-11-0,0990-3-50-00-00-00-11-0, Испытательное оборудование 
